STT,Ngữ liệu,Cách đọc,Nghĩa,Câu ví dụ,Dịch,Link (JP),Link (VN),ô đỏ,: bổ sung thông tin
1,明らか,あきらか,Rõ ràng,その後、社内の営業担当の部署で共有されていたことが先月明らかになりました。,"Sau đó, vào tháng trước, người ta làm rõ rằng thông tin này đã được chia sẻ với bộ phận bán hàng của công ty.",https://www3.nhk.or.jp/news/html/20250818/k10014897011000.html,,,
2,安全な,あんぜんな,an toàn,アセアン証券の専門家は、短期トレーディングスクールでは、株式を保有する投資家は、安全な資本価値を持ち、短期的な上昇トレンドを維持している株式の現在のポジションのみを維持すべきだと考えている。,"chuyên gia đến từ Chứng khoán Asean cho rằng, với trường phái giao dịch ngắn hạn, nhà đầu tư đang nắm giữ cổ phiếu chỉ nên duy trì vị thế hiện tại đối với các cổ phiếu có giá vốn an toàn và đang duy trì xu hướng tăng ngắn hạn.",https://www.vietnam.vn/ja/chung-khoan-co-the-nen-lo-xo-nha-dau-tu-nen-lam-gi,https://vtcnews.vn/chung-khoan-co-the-nen-lo-xo-nha-dau-tu-nen-lam-gi-ar967953.html,,
3,短期的な,たんきてきな,ngắn hạn,アセアン証券の専門家は、短期トレーディングスクールでは、株式を保有する投資家は、安全な資本価値を持ち、短期的な上昇トレンドを維持している株式の現在のポジションのみを維持すべきだと考えている。,"chuyên gia đến từ Chứng khoán Asean cho rằng, với trường phái giao dịch ngắn hạn, nhà đầu tư đang nắm giữ cổ phiếu chỉ nên duy trì vị thế hiện tại đối với các cổ phiếu có giá vốn an toàn và đang duy trì xu hướng tăng ngắn hạn.",https://www.vietnam.vn/ja/chung-khoan-co-the-nen-lo-xo-nha-dau-tu-nen-lam-gi,https://vtcnews.vn/chung-khoan-co-the-nen-lo-xo-nha-dau-tu-nen-lam-gi-ar967953.html,,
4,安定的な,あんていてきな,ổn định (tính bền vững),裁判所の判決は、長年の課題を解決するのに役立つと同時に、ThuDuc Houseが今後徐々に回復し、安定的に発展していくための原動力となるでしょう,"Phán quyết của Tòa án giúp chúng tôi tháo gỡ vướng mắc kéo dài, đồng thời tạo động lực để ThuDuc House từng bước phục hồi, phát triển ổn định trong thời gian tới",https://www.vietnam.vn/ja/thuduc-house-thang-kien-thue-gtgt-365-ti-co-phieu-tang-manh,https://nld.com.vn/mot-doanh-nghiep-bat-dong-san-thang-kien-co-quan-thue-196250924130717958.htm,,
5,一時的な,いちじてきな,tính nhất thời,また直近の消費者物価指数が2％を超える状況が続いていることについて「コメ価格の急上昇が起点となって起きた一時的な変動の面がかなりある,"Liên quan đến tình hình gần đây khi chỉ số giá tiêu dùng tiếp tục vượt quá 2%, ông cho biết: ""Có một khía cạnh đáng kể về biến động tạm thời bắt đầu từ việc giá gạo tăng đột ngột.",https://www3.nhk.or.jp/news/html/20250902/k10014909801000.html,,,
6,一方的な,いっぽうてきな,một chiều,一方的な値上がりの展開とはならなかった。,Thị trường không diễn biến theo chiều hướng tăng giá một chiều.,https://www3.nhk.or.jp/news/html/20250902/k10014910231000.html,,,
7,異例な,いれいな,chưa từng có tiền lệ,買い越しが2万枚を超えるのは異例だといいます。,Việc mua theo số dư vượt mức 20 ngàn Yên là chưa từng có tiền lệ,https://www3.nhk.or.jp/news/html/20250901/k10014909121000.html,,,
8,円滑な,えんかつな,suôn sẻ,会談は終始円滑に進められました。,Cuộc họp diễn ra suôn sẻ từ đầu đến cuối.,https://www3.nhk.or.jp/news/html/20250816/k10014896421000.html,,,
9,大幅な,おおはばな,"lớn, đáng kể",ThuDuc Houseの2025年第2四半期の財務報告では、税引後利益が132億ドンと、同時期の260億ドンの損失を大幅に上回りました,"Báo cáo tài chính quý II/2025 của ThuDuc House ghi nhận lợi nhuận sau thuế 13,2 tỉ đồng, khả quan hơn nhiều so với mức lỗ 26 tỉ đồng cùng kỳ.",https://www.vietnam.vn/ja/thuduc-house-thang-kien-thue-gtgt-365-ti-co-phieu-tang-manh,https://nld.com.vn/mot-doanh-nghiep-bat-dong-san-thang-kien-co-quan-thue-196250924130717958.htm,,
10,主な,おもな,"chủ yếu, chính ",auの主な料金プランについて…,Về các gói cước chính của au…,https://www3.nhk.or.jp/news/html/20250903/k10014911071000.html,,,
11,確実な,かくじつ,"xác thực, đảm bảo",AI が安全かつ持続可能かつ確実に動作することを保証するには、システム ガバナンスとリスク管理がますます重要になります。,"quản trị hệ thống cùng kiểm soát rủi ro ngày càng đóng vai trò quan trọng để đảm bảo AI vận hành an toàn, bền vững và đáng tin cậy.",https://www.vietnam.vn/ja/thuc-day-ung-dung-ai-trong-san-xuat-van-hanh-doanh-nghiep,https://doanhnghiepvn.vn/kinh-te/thuc-day-ung-dung-ai-trong-san-xuat-van-hanh-doanh-nghiep/20250925090401159,,
12,過剰な,かじょうな,"vượt quá, quá mức",土日に連絡をして返答するのが当たり前、というのは、明らかに過剰な要求で、どこからどこまでが仕事なのかを明確に定義することが労働者を守るために必要だ,"Việc cho rằng liên lạc và trả lời vào cuối tuần là điều đương nhiên rõ ràng là một đòi hỏi quá mức, và để bảo vệ người lao động, cần thiết phải xác định rõ ràng ranh giới giữa công việc và đời sống riêng tư.",https://www3.nhk.or.jp/kansai-news/20241101/2000088846.html,,,
13,画期的な,かっきてきな,"Mang tính đột phá, đổi mới",画期的なソリューションを提供し、特にベトナム経済、ひいては地域全体に貢献できる民間企業が数多く存在することを確信した。同時に、多くの民間企業は認められることを切望している。,"có rất nhiều doanh nghiệp tư nhân có khả năng đưa ra các giải pháp đột phá, đóng góp cho nền kinh tế Việt Nam nói riêng và toàn khu vực nói chung. Song song, nhiều doanh nghiệp tư nhân cũng khát khao được công nhận.",https://www3.nhk.or.jp/news/html/20250902/k10014910391000.html,,,
14,危険な,きけんな,"nguy hiểm, rủi ro",関東甲信越 ９月に入っても危険な暑さに 熱中症対策の徹底を,"Khu vực Kanto–Koshinetsu: Ngay cả khi đã sang tháng 9, nắng nóng nguy hiểm vẫn tiếp diễn. Cần triệt để thực hiện các biện pháp phòng chống say nắng.",https://www3.nhk.or.jp/lnews/mito/20250901/1070028290.html,,,
15,客観的な,きゃっかんてきな,Khách quan,客観的な証拠を収集していれば男性が犯人でないことは明白で、誤認逮捕は容易に防げた。,"Nếu đã thu thập chứng cứ khách quan thì rõ ràng người đàn ông này không phải là hung thủ, và việc bắt nhầm đã có thể dễ dàng ngăn chặn.",https://www3.nhk.or.jp/news/html/20250724/k10014873521000.html,,,
16,強力な,きょうりょくな,mạnh mẽ,このモデルをさらに強力に発展させるためには、農家が機械にアクセスできるようにし、協同組合の役割を強化し、動物飼料、肥料、バイオエネルギーを生産する企業とつながるバリューチェーンを構築するための財政支援政策が必要だ,"Để thúc đẩy mô hình này phát triển mạnh mẽ hơn, cần có các chính sách hỗ trợ tài chính giúp nông dân tiếp cận máy móc, tăng cường vai trò hợp tác xã và xây dựng chuỗi giá trị kết nối với các doanh nghiệp sản xuất thức ăn chăn nuôi, phân bón và năng lượng sinh học",https://www.vietnam.vn/ja/thuc-day-kinh-te-tuan-hoan-tu-rom-ra-qua-ngay-hoi-nong-dan-trong-nam,https://baochinhphu.vn/thuc-day-kinh-te-tuan-hoan-tu-rom-ra-qua-ngay-hoi-nong-dan-trong-nam-102250923190137343.htm,,
17,巨大な,きょだい,to lớn,アフリカは、25年後の2050年には世界の人口のおよそ4分の1を占めると予想されているうえ、年齢も若いため、巨大市場に成長すると期待されています。,"Vào năm 2050, tức 25 năm kể từ năm nay, dân số châu Phi ước tính sẽ chiếm 1/4 dân số thế giới, hơn nữa vì dân số trẻ nên châu Phi được kỳ vọng sẽ trở phát triển thành một thị trường khổng lồ",https://www3.nhk.or.jp/news/html/20250818/k10014896421000.html,,,
18,緊急な,きんきゅうな,khẩn cấp,従来の市場での野菜価格の変動と、嵐10号による供給途絶のリスクに直面し、大手小売チェーンは緊急対応計画を同時に発動した。,"Trước biến động giá cả rau củ tại các chợ truyền thống và nguy cơ đứt gãy nguồn cung do bão số 10, các hệ thống bán lẻ lớn đã đồng loạt kích hoạt kế hoạch ứng phó khẩn cấp.",,,,
19,緊密な,きんみつな,mật thiết (mối quan hệ),農林水産物の貿易など両国の関係は緊密になっている。,"Mối quan hệ giữa hai nước ngày càng trở nên mật thiết hơn, trong đó có thương mại nông lâm thủy sản",,,,
20,具体的な,ぐたいてき,về mặt cụ thể,"具体的には、ソン・キム不動産株式会社が、ホーチミン市アンカン区のR1、R2、R3、R4、R5区画にある全3,790戸のマンションの競売に参加するための登録申請書を提出し、同時に同プロジェクトの開発・活用計画を提案した。","Cụ thể, Công ty CP Bất động sản Sơn Kim đã nộp hồ sơ đăng ký tham gia đấu giá toàn bộ 3.790 căn hộ chung cư thuộc các lô R1, R2, R3, R4, R5 ở phường An Khánh, TP HCM đồng thời đưa ra phương án khai thác, phát triển dự án. ",www.vietnam.vn/ja/mot-loat-dai-gia-dua-nhau-dang-ky-dau-gia-3-790-can-ho-bo-hoang-o-thu-thiem,https://nld.com.vn/mot-loat-dai-gia-dua-nhau-dang-ky-dau-gia-3790-can-ho-bo-hoang-o-thu-thiem-196250919130352158.htm,,
21,経済的な,けいざいてきな,tính kinh tế,経済的な負担も大きく、食べ物を買う余裕がない。,"Gánh nặng kinh tế cũng rất lớn, không đủ tiền để mua thức ăn.",https://www3.nhk.or.jp/news/html/20250902/k10014909911000.html,,,
22,厳格な,げんかくな,nghiêm ngặt ,ナム氏は、新たなトレンドの爆発的な増加に伴い、管理機関からの要求はますます厳しくなると考えている。税制の厳格化、製品品質の管理、ライブ配信やプロモーションコンテンツの管理に至るまで、あらゆる面で厳しくなるだろう。,"Ông Nam cho rằng, đi cùng sự bùng nổ của các xu hướng mới sẽ là những đòi hỏi ngày càng khắt khe hơn từ phía cơ quan quản lý: từ siết chặt chính sách thuế, quản lý chất lượng sản phẩm đến kiểm soát nội dung livestream, quảng bá.",https://www.vietnam.vn/ja/social-commerce-xu-huong-moi-dinh-hinh-thi-truong-thuong-mai-dien-tu,https://vtv.vn/social-commerce-xu-huong-moi-dinh-hinh-thi-truong-thuong-mai-dien-tu-100250925181753744.htm,,
23,健康,けんこう,khỏe mạnh,気温が30度くらいなら良いが35度とか40度近くになると健康にも良くないので、防衛策としての購入が増えているのではないか,"Nhiệt độ vào khoảng 30 độ sẽ ổn, nhưng khi nhiệt độ gần 35 hoặc 40 độ thì không tốt cho sức khỏe, vì vậy tôi nghĩ chẳng phải càng nhiều người sẽ mua nó như một biện pháp phòng vệ hay sao.",https://www3.nhk.or.jp/news/html/20250815/k10014894571000.html,,,
24,健全な,けんぜんな,"Lành mạnh, ổn định",引き続き内部管理態勢の強化や健全な企業文化の醸成につとめていきます,Chúng tôi sẽ tiếp tục nỗ lực tăng cường hệ thống quản lý nội bộ và xây dựng văn hóa doanh nghiệp lành mạnh.,https://www3.nhk.or.jp/news/html/20250722/k10014870851000.html,,,
25,顕著な,けんちょな,"nổi bật, rõ rệt",伝統的なチャネルから現代的なチャネルへの移行の傾向はますます顕著になっています。,Xu hướng chuyển dịch từ kênh truyền thống sang kênh hiện đại ngày càng rõ nét. ,https://www.vietnam.vn/ja/wincommerce-dat-muc-tieu-doanh-thu-quy-iii-vuot-10-000-ty-dong,https://dantri.com.vn/kinh-doanh/wincommerce-dat-muc-tieu-doanh-thu-quy-iii-vuot-10000-ty-dong-20250924161420963.htm,,
26,現代的な,げんだいてきな,hiện đại,伝統的なチャネルから現代的なチャネルへの移行の傾向はますます顕著になっています。,Xu hướng chuyển dịch từ kênh truyền thống sang kênh hiện đại ngày càng rõ nét. ,https://www.vietnam.vn/ja/wincommerce-dat-muc-tieu-doanh-thu-quy-iii-vuot-10-000-ty-dong,https://dantri.com.vn/kinh-doanh/wincommerce-dat-muc-tieu-doanh-thu-quy-iii-vuot-10000-ty-dong-20250924161420963.htm,,
27,堅調な,けんちょうな,vững chắc,このうち、非製造業は観光需要が堅調でサービス業や運輸業の利益が伸びたことなどから去年の同じ時期より6.6％増えました。,"Trong đó, ngành phi sản xuất tăng 6,6% so với cùng kỳ năm ngoái do nhu cầu du lịch tăng mạnh và lợi nhuận tăng trong ngành dịch vụ và vận tải.",https://www3.nhk.or.jp/news/html/20250901/k10014909121000.html,,,
28,高価な,こうかな,"đắt tiền, giá cao",水族館によりますと、無くなったベビーカーは水族館が購入したり寄贈を受けたりしたものだということで、1台7万円ほどと高価なものもあります。,"Theo thông tin từ thủy cung, những chiếc xe đẩy trẻ em bị mất là do thủy cung mua hoặc được tặng, trong đó có những chiếc khá đắt, khoảng 70.000 yên một chiếc.",https://www3.nhk.or.jp/news/html/20250326/k10014761281000.html,,,
29,高級な,こうきゅうな,cao cấp,これが、ソン・キム・ランドのような高級住宅分野の大手企業と、ビーコンズ・ランドのような低価格住宅を専門とする企業の両方が参加を決めた理由です。 ,"Điều này lý giải vì sao cả những ông lớn trong phân khúc cao cấp như Sơn Kim Land, lẫn các doanh nghiệp chuyên làm nhà ở giá thấp như Bcons Land quyết định tham gia.",https://www.vietnam.vn/ja/mot-loat-dai-gia-dua-nhau-dang-ky-dau-gia-3-790-can-ho-bo-hoang-o-thu-thiem,https://nld.com.vn/mot-loat-dai-gia-dua-nhau-dang-ky-dau-gia-3790-can-ho-bo-hoang-o-thu-thiem-196250919130352158.htm,,
30,好調な,こうちょうな,điều kiện tốt,特に、WinCommerce（WCM）は年初8ヶ月で好調な業績を記録し、第3四半期の売上高目標を10兆VND（約1兆円）を超えると見込んでいます。,"Trong đó, WinCommerce (WCM) ghi nhận kết quả tích cực trong 8 tháng đầu năm, đặt mục tiêu doanh thu quý III có thể vượt mốc 10.000 tỷ đồng.",https://www.vietnam.vn/ja/wincommerce-dat-muc-tieu-doanh-thu-quy-iii-vuot-10-000-ty-dong,https://dantri.com.vn/kinh-doanh/wincommerce-dat-muc-tieu-doanh-thu-quy-iii-vuot-10000-ty-dong-20250924161420963.htm,,
31,小幅な,こはばな,"nhỏ, ít ",9月1日の東京外国為替市場、日米の金融政策の行方を見極めたいとして積極的な取り引きが控えられ、円相場はドルに対して、小幅な値動きとなりました。,"Vào ngày 1 tháng 9, thị trường ngoại hối Tokyo chứng kiến ​​đồng yên ít biến động so với đồng đô la vì giao dịch sôi động bị hạn chế do các nhà đầu tư chờ đợi xem hướng đi của chính sách tiền tệ tại Nhật Bản và Hoa Kỳ.",https://www3.nhk.or.jp/news/html/20250901/k10014909721000.html,,,
32,困難な,こんなんな,khó khăn,したがって、第一審判決および控訴審判決はともに、ThuDuc Houseの正当な権利と利益は無関係であり、同社は税金還付額および関連する延滞利息について責任を負わないことを確認した。ThuDuc Houseの代表は、この判決は企業の正当な権利を保護するだけでなく、明確な法的根拠を確立し、これまで多くの困難を引き起こしてきた行政上の障壁を取り除くことに貢献すると述べた。,"Như vậy, cả bản án sơ thẩm lẫn phúc thẩm đều khẳng định quyền và lợi ích hợp pháp của ThuDuc House là không liên quan và không phải chịu trách nhiệm đối với số tiền hoàn thuế và khoản lãi chậm nộp có liên quan. Đại diện ThuDuc House cho rằng phán quyết này không chỉ bảo vệ quyền lợi chính đáng của doanh nghiệp, mà còn thiết lập cơ sở pháp lý rõ ràng, góp phần tháo gỡ những rào cản hành chính vốn đã gây nhiều khó khăn trong quá khứ. ",https://www.vietnam.vn/ja/thuduc-house-thang-kien-thue-gtgt-365-ti-co-phieu-tang-manh,https://nld.com.vn/mot-doanh-nghiep-bat-dong-san-thang-kien-co-quan-thue-196250924130717958.htm,,
33,根本的な,こんぽんてきな,"Cơ bản, căn bản",今日の消費者は、迅速な取引だけでなく、エンターテイメント、つながり、そして個々のニーズに合わせたサービスも期待しています。これは、オンライン消費者行動における根本的な変化です。 ,"Người tiêu dùng hiện nay không chỉ mong muốn một giao dịch nhanh chóng, mà còn kỳ vọng được giải trí, được kết nối và được phục vụ theo nhu cầu riêng. Đây là sự thay đổi căn bản trong hành vi tiêu dùng trực tuyến.",https://www.vietnam.vn/ja/social-commerce-xu-huong-moi-dinh-hinh-thi-truong-thuong-mai-dien-tu,https://vtv.vn/social-commerce-xu-huong-moi-dinh-hinh-thi-truong-thuong-mai-dien-tu-100250925181753744.htm,,
34,持続的な,じぞくてきな,"bền vững, lâu bền",アフリカの持続的な経済成長のための資金需要がますます増大する中、民間セクターの活力の取り込みが今まで以上に重要だ,"Trong bối cảnh nhu cầu vốn cho tăng trưởng kinh tế bền vững của châu Phi ngày càng gia tăng, việc huy động và tận dụng sức mạnh của khu vực tư nhân trở nên quan trọng hơn bao giờ hết.",https://www3.nhk.or.jp/news/html/20250821/k10014899361000.html,,,
35,実際的な,じっさいてきな,thực tế,実際的な関係を築いてきたと強調しました。,Nhấn mạnh rằng đã xây dựng được mối quan hệ thực tế.,https://www3.nhk.or.jp/news/html/20250816/k10014896421000.html,,,
36,実質的な,じっしつてきな,thực chất,実質的な協議の場と平和への道を切り開くことだ。,"Đây được xem là một diễn đàn đối thoại thực chất, mở ra con đường hướng tới hòa bình.",https://www3.nhk.or.jp/news/html/20250816/k10014896421000.html,,,
37,実用的な,じつようてきな,thực dụng,国益中心の実用的な外交を原則として…,"Lấy nguyên tắc ngoại giao thực dụng, đặt lợi ích quốc gia làm trung tâm.",https://www3.nhk.or.jp/news/html/20250815/k10014894811000.html,,,
38,重大な,じゅうだい,"quan trọng, nghiêm trọng",まさにことは重大だ。,Đây thực sự là một vấn đề nghiêm trọng.,https://www3.nhk.or.jp/news/html/20250816/k10014896421000.html,,,
39,自由な,じゆうな,tự do,ブルーマウンテンコーヒーをゆったりした気分で飲むことができるのは自由な人、モノ、カネ、サービスの行き来を支えているグローバリゼーションのおかげだ。,"Việc có thể thong thả thưởng thức cà phê Blue Mountain là nhờ vào toàn cầu hóa, vốn hỗ trợ cho sự lưu chuyển tự do của con người, hàng hóa, tiền tệ và dịch vụ.",https://www3.nhk.or.jp/news/html/20230209/k10013975771000.html,,,
40,柔軟な,じゅうなんな,"Linh hoạt, mềm dẻo",売りたい事業者がいれば9月以降も柔軟に売れるような環境を農林水産省は作ってほしいと思う,"Tôi hy vọng Bộ Nông nghiệp, Lâm nghiệp và Thủy sản sẽ tạo ra môi trường để các doanh nghiệp muốn bán hàng có thể thực hiện một cách linh hoạt ngay cả sau tháng 9.",https://www3.nhk.or.jp/news/html/20250818/k10014896681000.html,,,
41,十分な,じゅうぶんな,đầy đủ,備蓄米を倉庫から出す作業に想定より時間がかかっているため、十分な量を販売できていないということです。,Việc lấy gạo dự trữ ra khỏi kho mất nhiều thời gian hơn dự kiến ​​nên họ không thể bán đủ số lượng.,https://www3.nhk.or.jp/news/html/20250818/k10014896681000.html,,,
42,重要な,じゅうような,quan trọng,競争の激しい市場においては、信頼の構築とブランドの差別化が成功につながる重要な要素となります。,"Trong bối cảnh thị trường cạnh tranh khốc liệt, việc xây dựng niềm tin và sự khác biệt cho thương hiệu là yếu tố quan trọng dẫn đến thành công. ",https://www.vietnam.vn/ja/the-high-don-bay-kinh-doanh-tu-loi-the-ceo-lam-dai-dien-thuong-hieu,https://vtv.vn/the-high-don-bay-kinh-doanh-tu-loi-the-ceo-lam-dai-dien-thuong-hieu-100250923170136642.htm,,
43,主観的な,しゅかんてきな,Chủ quan,『非関税障壁』に主観的要素が入っていいはずはない。,Trong “Rào cản phi thuế quan” thì không thể có chỗ cho yếu tố chủ quan.,https://www3.nhk.or.jp/news/html/20250226/k10014733361000.html,,,
44,主要な,しゅような,"trọng điểm, then chốt",ソン・キム・ランド社はまた、スオイティエン・バスターミナル地下鉄駅とトゥーティエム鉄道駅という2つの主要エリアで公共交通機関を重視した都市開発区域の調査と計画の許可を求めた。,"Sơn Kim Land cũng xin chủ trương cho phép nghiên cứu, lập quy hoạch khu vực phát triển đô thị theo định hướng giao thông công cộng tại hai khu vực trọng điểm: nhà ga metro Bến xe Suối Tiên và ga đường sắt Thủ Thiêm.",https://www.vietnam.vn/ja/mot-loat-dai-gia-dua-nhau-dang-ky-dau-gia-3-790-can-ho-bo-hoang-o-thu-thiem,https://nld.com.vn/mot-loat-dai-gia-dua-nhau-dang-ky-dau-gia-3790-can-ho-bo-hoang-o-thu-thiem-196250919130352158.htm,,
45,順調な,じゅんちょうな,Thuận lợi,当社では入荷した分は順調に売れているものの、まだすべてのコメが入荷できているわけではない。,"Doanh nghiệp chúng tôi mặc dù đang bán phần đã nhập một cách thuận lợi, nhưng không có nghĩa là chúng tôi có thể nhập hết gạo được",https://www3.nhk.or.jp/news/html/20250818/k10014896681000.html,,,
46,丈夫な,じょうぶな,"bền, vững chắc",世界に先駆けて、軽くて丈夫なチタン製メガネを開発するなど“鯖江メガネ”は国際的にも一目置かれるブランドに成長しました。,"Tiên phong trên thế giới trong việc phát triển kính titan nhẹ và bền, ""Sabae Glasses"" đã phát triển thành một thương hiệu được quốc tế công nhận.",https://www3.nhk.or.jp/news/html/20230217/k10013983351000.html,,,
47,深刻な,しんこくな,nghiêm trọng,グエン・ティ・フォン・タオ氏は、システムが深刻な混雑に陥っていた2020年にFPTと共にHOSEを「救出」した道のりを振り返り、民間部門の先駆的な役割を強調した。,"Bà Nguyễn Thị Phương Thảo kể lại hành trình cùng FPT “giải cứu” HOSE năm 2020, khi hệ thống nghẽn lệnh nghiêm trọng, khẳng định vai trò tiên phong của khối tư nhân.",https://www.vietnam.vn/ja/ty-phu-nguyen-thi-phuong-thao-ke-khong-choi-chung-khoan-van-cuu-hose,https://dantri.com.vn/kinh-doanh/ty-phu-nguyen-thi-phuong-thao-ke-khong-choi-chung-khoan-van-cuu-hose-20250930152034691.htm,,
,先駆的な,せんくてきな,tiên phong,グエン・ティ・フォン・タオ氏は、システムが深刻な混雑に陥っていた2020年にFPTと共にHOSEを「救出」した道のりを振り返り、民間部門の先駆的な役割を強調した。,"Bà Nguyễn Thị Phương Thảo kể lại hành trình cùng FPT “giải cứu” HOSE năm 2020, khi hệ thống nghẽn lệnh nghiêm trọng, khẳng định vai trò tiên phong của khối tư nhân.",https://www.vietnam.vn/ja/ty-phu-nguyen-thi-phuong-thao-ke-khong-choi-chung-khoan-van-cuu-hose,https://dantri.com.vn/kinh-doanh/ty-phu-nguyen-thi-phuong-thao-ke-khong-choi-chung-khoan-van-cuu-hose-20250930152034691.htm,,
49,迅速な,じんそくな,nhanh chóng,"ViPELは、迅速な行動と長期的な戦略メカニズムという二つの柱で構成されています。特に迅速な行動においては、2025年以降、ViPEL 20-200-2,000ポートフォリオを展開し、国家レベルのプロジェクト20件（インフラ、コアテクノロジー、新エネルギーなど）、地方レベルのプロジェクト200件（物流、人材、地域優位性）、草の根レベルのプロジェクト2,000件（ハイテク農業、コミュニティツーリズムなど）を目標とします。","ViPEL gồm 2 trụ cột là hành động nhanh và cơ chế chiến lược dài hạn. Trong đó, với hành động nhanh, từ năm 2025 sẽ triển khai danh mục ViPEL 20-200-2.000 với các mục tiêu 20 dự án cấp quốc gia (hạ tầng, công nghệ lõi, năng lượng mới…); 200 dự án cấp địa phương (logistics, nhân lực, lợi thế vùng); 2.000 dự án cấp cơ sở (nông nghiệp công nghệ cao, du lịch cộng đồng…).",https://www.vietnam.vn/ja/ty-phu-nguyen-thi-phuong-thao-ke-khong-choi-chung-khoan-van-cuu-hose,https://dantri.com.vn/kinh-doanh/ty-phu-nguyen-thi-phuong-thao-ke-khong-choi-chung-khoan-van-cuu-hose-20250930152034691.htm,,
50,慎重な,しんちょうな,thận trọng,先週の市場は、幅広い調整と買い増しの動きを見せました。建設セクターはプラスの展開を見せ、保険、石油・ガス、工業団地の回復も見られました。一方で、テクノロジー・通信、鉄鋼、小売、港湾、不動産、証券、肥料、化学といった主要セクターの多くは、大幅な調整圧力にさらされました。この乖離は、明確な投資機会が見られない中で、投資家が慎重な姿勢をとっていることを反映しています。,"Thị trường tuần qua cho thấy độ rộng nghiêng về điều chỉnh và tích lũy. Các nhóm ngành ghi nhận diễn biến tích cực như xây dựng, cùng với sự phục hồi ở bảo hiểm, dầu khí và khu công nghiệp. Ngược lại, nhiều nhóm ngành chủ chốt chịu áp lực điều chỉnh đáng kể như công nghệ-viễn thông, thép, bán lẻ, cảng, bất động sản, chứng khoán, phân bón - hóa chất. Sự phân hóa này phản ánh tâm lý thận trọng của nhà đầu tư khi thiếu vắng các cơ hội rõ ràng.",https://www.vietnam.vn/ja/chung-khoan-co-the-nen-lo-xo-nha-dau-tu-nen-lam-gi,https://vtcnews.vn/chung-khoan-co-the-nen-lo-xo-nha-dau-tu-nen-lam-gi-ar967953.html,,
51,シンプルな,しんぷるな,đơn giản,極めてシンプルな質問だと思ったんですが、石破首相は一瞬ことばに詰まりました。,"Đây là một câu hỏi hết sức đơn giản, nhưng Thủ tướng Ishiba đã thoáng lúng túng trong giây lát.",https://www3.nhk.or.jp/news/html/20250703/k10014851951000.html,,,
52,速やかな,すみやかな,nhanh chóng,事務方の協議が整いしだい、大統領令の発出までに私自身あと1回は少なくとも訪米する。引き続き日米間の合意の誠実かつ速やかな実施の方策について協議していく,"Sau khi các cuộc thảo luận cấp chuyên viên hoàn tất, tôi sẽ đích thân đến thăm Hoa Kỳ ít nhất một lần nữa trước khi ban hành sắc lệnh của Tổng thống. Chúng tôi sẽ tiếp tục thảo luận các biện pháp để thực hiện thỏa thuận Nhật Bản-Hoa Kỳ một cách trung thực và nhanh chóng.",https://www3.nhk.or.jp/news/html/20250902/k10014910411000.html,,,
53,生産的な,せいさんてきな,"sản xuất lực, năng suất",低技能の外国人労働者への依存が不健全な水準に近づいている地域があり、それが生産性の伸びを抑制し…,"Việc phụ thuộc vào lao động nhập cư không chuyên trở nên không lành mạnh, và điều đó đang kìm hãm sự tăng trưởng của năng suất.",https://jp.wsj.com/articles/rich-countries-are-becoming-addicted-to-cheap-labor-ba268d22?,,,
54,誠実な,せいじつな,trung thực,事務方の協議が整いしだい、大統領令の発出までに私自身あと1回は少なくとも訪米する。引き続き日米間の合意の誠実かつ速やかな実施の方策について協議していく,"Sau khi các cuộc thảo luận cấp chuyên viên hoàn tất, tôi sẽ đích thân đến thăm Hoa Kỳ ít nhất một lần nữa trước khi ban hành sắc lệnh của Tổng thống. Chúng tôi sẽ tiếp tục thảo luận các biện pháp để thực hiện thỏa thuận Nhật Bản-Hoa Kỳ một cách trung thực và nhanh chóng.",https://www3.nhk.or.jp/news/html/20250902/k10014910411000.html,,,
55,積極的な,せっきょくてきな,tích cực,透明性と繋がりが重視される時代において、CEOがブランドアンバサダーとして積極的に活動することは、単なるトレンドではなく、スマートなコミュニケーション手段でもあります。,"Trong kỷ nguyên của sự minh bạch và kết nối, việc các CEO bước ra làm đại diện thương hiệu không chỉ là một xu hướng (tích cực) mà còn là một cách làm truyền thông thông minh. ",https://www.vietnam.vn/ja/the-high-don-bay-kinh-doanh-tu-loi-the-ceo-lam-dai-dien-thuong-hieu,https://vtv.vn/the-high-don-bay-kinh-doanh-tu-loi-the-ceo-lam-dai-dien-thuong-hieu-100250923170136642.htm,,
56,絶好調な,ぜっこうちょうな,"cực kỳ thuận lợi, đỉnh cao",「業績絶好調な企業」ランキングTOP100,Xếp hạng 100 doanh nghiệp có hiệu suất kinh doanh cực kỳ cao.,https://diamond.jp/articles/-/264951?,,,
57,全体的な,ぜんたいてきな,toàn thể,新米と備蓄米が重なることによって、全体的な精米量が減るということはない,Sự chồng chéo giữa gạo mới và gạo dự trữ không làm giảm. tổng lượng gạo sạch,https://www3.nhk.or.jp/news/html/20250901/k10014909571000.html,,,
58,想定外な,そうていがいな,ngoài dự tính,ここまでの暑さは想定外で、戦略を立てるのが難しい。,"Nắng nóng vượt ngoài dự tính, khiến việc xây dựng chiến lược trở nên khó khăn.",,,,
59,大規模な,だいきぼな,quy mô lớn,ACTロードマップの最終段階であるAIエージェントによる大規模なビジネス変革において、ファーウェイは100以上のステップでエージェントとプロセスを自動生成できる「ワンストップ」のVersatileプラットフォームを発表しました。このプラットフォームは、AIエージェントの導入を迅速化します。,"Ở bước cuối cùng của lộ trình ACT – chuyển đổi hoạt động kinh doanh bằng các tác tử AI ở quy mô lớn, Huawei giới thiệu nền tảng Versatile “một cửa”, có khả năng tự động tạo ra các tác tử cũng như các quy trình với hơn 100 bước. Nền tảng này giúp tăng tốc quá trình triển khai tác nhân AI. ",https://www.vietnam.vn/ja/thuc-day-ung-dung-ai-trong-san-xuat-van-hanh-doanh-nghiep,https://doanhnghiepvn.vn/kinh-te/thuc-day-ung-dung-ai-trong-san-xuat-van-hanh-doanh-nghiep/20250925090401159,,
,最終な,さいしゅうな,cuối cùng,ACTロードマップの最終段階であるAIエージェントによる大規模なビジネス変革において、ファーウェイは100以上のステップでエージェントとプロセスを自動生成できる「ワンストップ」のVersatileプラットフォームを発表しました。このプラットフォームは、AIエージェントの導入を迅速化します。,"Ở bước cuối cùng của lộ trình ACT – chuyển đổi hoạt động kinh doanh bằng các tác tử AI ở quy mô lớn, Huawei giới thiệu nền tảng Versatile “một cửa”, có khả năng tự động tạo ra các tác tử cũng như các quy trình với hơn 100 bước. Nền tảng này giúp tăng tốc quá trình triển khai tác nhân AI. ",https://www.vietnam.vn/ja/thuc-day-ung-dung-ai-trong-san-xuat-van-hanh-doanh-nghiep,https://doanhnghiepvn.vn/kinh-te/thuc-day-ung-dung-ai-trong-san-xuat-van-hanh-doanh-nghiep/20250925090401160,,
61,大事な,だいじな,quan trọng,今回はゼロベースで、グローバルカンパニーとして何をやりたいのか、何が大事なのか、何をするべきなのかというところから出発して、5か年計画ができました,"Lần này, chúng tôi đã bắt đầu từ con số 0, bắt đầu từ việc xác định những gì chúng tôi muốn làm, những gì quan trọng và những gì cần làm với tư cách là một công ty toàn cầu, và từ đó xây dựng kế hoạch 5 năm.",https://www3.nhk.or.jp/news/html/20250901/k10014905561000.html,,,
62,大切な,たいせつな,"quan trọng, quý giá",実際に戦争を経験した人は多くが亡くなっているので非常に大切な資料だ,"Nhiều người đã trải qua chiến tranh đã qua đời, vì vậy đây là tài liệu rất quan trọng.",https://www3.nhk.or.jp/news/html/20250829/k10014906341000.html,,,
63,代表的な,だいひょうてきな,"biểu thị những cái điển hình, tiêu biểu nhất",米国国債や日本国債などが代表的。,Chứng khoán chính thống là những loại như trái phiếu chính phủ Mỹ (US Treasuries) và trái phiếu chính phủ Nhật Bản (JGBs) — những hình thức đại diện tiêu biểu.,https://www.sbisec.co.jp/ETGate/?OutSide=on&_ControlID=WPLETmgR001Control&burl=search_bond&cat1=bond&cat2=none&dir=info&file=bond_glossary.html&getFlg=on&,,,
64,正確な,たしかな,chính xác,しかし、インフレや燃料価格の変動により、店舗賃借費、人件費、物流費など運営コストが増大し、国内外の大手チェーン間での価格競争は激化しています。野菜、肉、魚などの生鮮食品については、正確な需要予測と効率的な在庫管理が求められており、これは困難な課題となっています。,"Tuy nhiên, cạnh tranh giá cả giữa các chuỗi lớn trong và ngoài nước ngày càng khốc liệt khi chi phí vận hành, từ thuê mặt bằng, nhân sự đến logistics ngày một tăng cao do lạm phát và giá xăng dầu biến động. Với nhóm hàng tươi sống như rau củ hay thịt cá, yêu cầu dự báo nhu cầu chính xác và quản lý tồn kho hiệu quả là bài toán nan giải.",https://www.vietnam.vn/ja/wincommerce-dat-muc-tieu-doanh-thu-quy-iii-vuot-10-000-ty-dong,https://dantri.com.vn/kinh-doanh/wincommerce-dat-muc-tieu-doanh-thu-quy-iii-vuot-10000-ty-dong-20250924161420963.htm,,
65,効率的な,こうりつてきな,Hiệu quả,しかし、インフレや燃料価格の変動により、店舗賃借費、人件費、物流費など運営コストが増大し、国内外の大手チェーン間での価格競争は激化しています。野菜、肉、魚などの生鮮食品については、正確な需要予測と効率的な在庫管理が求められており、これは困難な課題となっています。,"Tuy nhiên, cạnh tranh giá cả giữa các chuỗi lớn trong và ngoài nước ngày càng khốc liệt khi chi phí vận hành, từ thuê mặt bằng, nhân sự đến logistics ngày một tăng cao do lạm phát và giá xăng dầu biến động. Với nhóm hàng tươi sống như rau củ hay thịt cá, yêu cầu dự báo nhu cầu chính xác và quản lý tồn kho hiệu quả là bài toán nan giải.",https://www.vietnam.vn/ja/wincommerce-dat-muc-tieu-doanh-thu-quy-iii-vuot-10-000-ty-dong,https://dantri.com.vn/kinh-doanh/wincommerce-dat-muc-tieu-doanh-thu-quy-iii-vuot-10000-ty-dong-20250924161420963.htm,,
66,妥当な,だとうな,thỏa đáng,まだ小売業者に届いてない部分があるので、延長は妥当だった,Việc gia hạn này là thỏa đáng vì một số bộ phận vẫn chưa đến được các nhà bán lẻ.,https://www3.nhk.or.jp/news/html/20250901/k10014909571000.html,,,
67,多様な,たような,đa dạng,大手商社の三井物産、三菱商事、それに伊藤忠商事も、女性管理職の比率の向上や、障害者の雇用を積極的に進めるなどとする多様性の目標について変更しないということです。,"Các tập đoàn thương mại lớn như Mitsui Bussan, Mitsubishi Shōji và Itochu Shōji cho biết họ sẽ không thay đổi các mục tiêu liên quan đến đa dạng hóa, chẳng hạn như nâng tỷ lệ quản lý nữ và tích cực thúc đẩy việc tuyển dụng người khuyết tật.",https://www3.nhk.or.jp/news/html/20250116/k10014695281000.html,,,
68,中長期的な,ちゅうちょうきてき,trung – dài hạn,中長期的な日本経済の成長力,Sức tăng trưởng kinh tế Nhật trong trung và dài hạn,https://www.boj.or.jp/research/wps_rev/wps_1998/cwp98j04.htm,,,
69,長期的な,ちょうきてきな,"dài hạn, lâu dài",デジタルライフ・マルチメディア株式会社のTikTokショップパートナー＆クリエイターネットワーク責任者であるトゥアン・ドゥン氏は、ライブストリーミングは短期間で収益を生み出す可能性があるものの、非常に一時的なものであり、コンテンツの管理が難しく、長期的な価値は低いと述べています,"Ông Tuấn Dũng, Trưởng nhóm TikTok Shop Partner & Creator Network, Công ty Cổ phần Truyền thông đa phương tiện Cuộc Sống số cho rằng, livestream có thể tạo doanh thu nhanh, nhưng tính nhất thời cao, khó kiểm soát nội dung và ít để lại giá trị lâu dài. ",https://www.vietnam.vn/ja/social-commerce-xu-huong-moi-dinh-hinh-thi-truong-thuong-mai-dien-tu,https://vtv.vn/social-commerce-xu-huong-moi-dinh-hinh-thi-truong-thuong-mai-dien-tu-100250925181753744.htm,,
70,著名な,ちょめいな,"nổi tiếng, danh tiếng",シャーク・ビン氏は1981年生まれで、ベトナムのテクノロジー分野で著名な実業家の一人です。2019年にはゲーム番組「シャークタンク」に出演し、シャーク・ビン氏の名前もその頃から使われ始めました。,"Shark Bình sinh năm 1981, là một trong những doanh nhân nổi tiếng trong lĩnh vực công nghệ tại Việt Nam. Năm 2019, ông Bình tham gia game show Shark Tank, tên gọi Shark Bình cũng xuất hiện từ thời điểm đó.",https://www.vietnam.vn/ja/nexttech-tut-von-tu-500-ty-xuong-4-2-ty-de-che-cua-shark-binh-con-gi,https://dantri.com.vn/kinh-doanh/nexttech-tut-von-tu-500-ty-xuong-42-ty-de-che-cua-shark-binh-con-gi-20251007141741140.htm,,
71,低調な,ていちょうな,ảm đạm (kinh tế),値上げされた飲料品などは低調でした,Ngành đồ uống thường tăng giá hiện đang khá ảm đạm.,https://www3.nhk.or.jp/news/html/20250815/k10014894571000.html,,,
72,丁寧な,ていねいな,"cẩn trọng, khéo léo",相手国の文化や歴史を把握して丁寧に向き合い、距離を縮めていくのが石破流だ,"Phong cách của ông Ishiba là tìm hiểu văn hóa và lịch sử của nước đối tác, rồi tiếp cận một cách cẩn trọng để dần thu hẹp khoảng cách.",https://www3.nhk.or.jp/news/html/20250822/k10014900121000.html,,,
73,適切な,てきせつな,"thích hợp,đúng",レオ・チェン氏は、実際に実施されたプロジェクトから、業界の知的変革を促進する5つの重要な要素を導き出します。まず、適切なアプリケーション シナリオを選択することが重要な成功要因です。AI は、コア プロダクション シナリオに深く統合された場合にのみ価値を生み出すためです。,"Từ các dự án đã triển khai thực tế, ông Leo Chen rút ra năm yếu tố then chốt thúc đẩy chuyển đổi trí tuệ hóa ngành công nghiệp. Thứ nhất, việc lựa chọn đúng kịch bản ứng dụng là yếu tố quyết định thành công, bởi AI chỉ tạo ra giá trị khi được tích hợp sâu vào các kịch bản sản xuất cốt lõi.",https://www.vietnam.vn/ja/thuc-day-ung-dung-ai-trong-san-xuat-van-hanh-doanh-nghiep,https://doanhnghiepvn.vn/kinh-te/thuc-day-ung-dung-ai-trong-san-xuat-van-hanh-doanh-nghiep/20250925090401159,,
74,投機的な,とうきてきな,tính chất đầu cơ,実需に基づかない投機的な取り引きは好ましくない。,Các giao dịch mang tính đầu cơ không dựa trên nhu cầu thực tế là điều không mong muốn.,https://www3.nhk.or.jp/news/html/20250818/k10014896421000.html,,,
75,特別な,とくべつな,đặc biệt,取引終了時点で米国株式市場は48ポイント上昇し、特別な一日をさらに盛り上げました。,"Kết thúc phiên, thị trường chứng khoán Mỹ bật tăng 48 điểm, tạo thêm dấu ấn cho một ngày đặc biệt.",https://www.vietnam.vn/ja/doanh-nghiep-viet-khang-dinh-khat-vong-hoi-nhap-go-cua-san-chung-khoan-lon-nhat-the-gioi,https://baochinhphu.vn/doanh-nghiep-viet-khang-dinh-khat-vong-hoi-nhap-go-cua-san-chung-khoan-lon-nhat-the-gioi-102250924020758608.htm,,
76,比較的な,ひかくてきな,tương đối,GDPの高成長、低金利、そして特に上場企業の利益成長といったマクロ経済基盤が支えられ、市場は新たな成長の波の兆しを見せています。PERは約15倍で、上場企業、特に基幹産業である銀行業の高い成長見通しから、市場は依然として比較的魅力的です,"Thị trường đang có dấu hiệu của một sóng tăng mới khi nền tảng vĩ mô đang được ủng hộ với tăng trưởng GDP cao, lãi suất thấp, đặc biệt là sự tăng trưởng lợi nhuận của doanh nghiệp niêm yết. Với mức định giá P/E khoảng 15x, triển vọng tăng trưởng cao của doanh nghiệp niêm yết, đặc biệt nhóm ngành trụ cột ngân hàng, thị trường vẫn còn tương đối hấp dẫn",https://www.vietnam.vn/ja/vn-index-gay-bat-ngo-truoc-gio-cong-bo-nang-hang-chung-khoan-kich-ban-nao-cho-nha-dau-tu,https://nld.com.vn/vn-index-gay-bat-ngo-truoc-gio-cong-bo-nang-hang-chung-khoan-kich-ban-nao-cho-nha-dau-tu-196251007172230508.htm,,
77,悲観的な,ひかんてきな,bi quan,根本的には国民の間の悲観的なムードが大きな要因として存在,"Cuối cùng, điều khiến thị trường trở nên đáng lo ngại hơn cả là chính tâm lý bi quan lan tỏa trong dân chúng—vượt qua cả dữ liệu kinh tế thực tế.",https://jp.wsj.com/articles/whats-wrong-with-the-economy-its-you-not-the-data-0af08749,,,
78,必要な,ひつような,cần thiết,ACT ロードマップに沿って展開を検討している企業には、データの準備と処理からモデルのトレーニング、推論、アプリケーション開発まで、プロセス全体をカバーする AI 指向の ICT インフラストラクチャが必要になります。,"Các doanh nghiệp muốn triển khai theo lộ trình ACT sẽ cần một hạ tầng ICT định hướng AI, bao gồm toàn bộ quy trình từ chuẩn bị và xử lý dữ liệu, đến huấn luyện mô hình, suy luận và phát triển ứng dụng.",https://www.vietnam.vn/ja/thuc-day-ung-dung-ai-trong-san-xuat-van-hanh-doanh-nghiep,https://doanhnghiepvn.vn/kinh-te/thuc-day-ung-dung-ai-trong-san-xuat-van-hanh-doanh-nghiep/20250925090401159,,
79,敏感な,びんかんな,nhạy cảm,敏感すぎると思えるほどドル円相場は大きく動いた。,Tỷ giá USD/JPY biến động mạnh đến mức bị cho là phản ứng quá nhạy cảm.,https://www3.nhk.or.jp/news/html/20250829/k10014905911000.html,,,
80,不安な,ふあんな,bất an,素直に従うかどうか不安が残る。,Vẫn còn lo ngại liệu có tuân thủ một cách nghiêm ngặt hay không.,https://www3.nhk.or.jp/news/html/20250830/k10014907951000.html,,,
81,不確実な,ふかくじつ,"không chắc chắn, bất định",経済不確実性の中、安全資産の金価格が過去最高,"Trước bối cảnh bất định kinh tế, giá vàng như một tài sản an toàn đã leo lên mức cao kỷ lục.",https://www.youtube.com/watch?v=ylqXQw2_vUA,,,
82,複雑な,ふくざつな,phức tạp,日本の賃金を各国と比較するとその差に愕然（がくぜん）とします。日本はなぜこうまで賃金が上がりにくいのか。複雑な構造要因をひもときます。,"Khi so sánh mức lương của Nhật Bản với các nước khác, người ta không khỏi kinh ngạc trước sự chênh lệch đó. Tại sao mức lương ở Nhật Bản lại khó tăng đến vậy? Hãy cùng tìm hiểu các yếu tố cấu trúc phức tạp đằng sau điều này.",https://www3.nhk.or.jp/news/html/20240625/k10014490591000.html,,,
83,不思議な,ふしぎな,"khó hiểu, lạ lùng",アメリカの関税政策は最悪のシナリオは免れたものの、半年前に比べると非常に高い関税率が残ることになり、最高値を更新しているのは非常に不思議な部分だ。,"Chính sách thuế quan của Mỹ tuy đã tránh được kịch bản tồi tệ nhất, nhưng so với nửa năm trước thì vẫn còn mức thuế rất cao, và việc giá lại liên tục lập đỉnh mới là điều khá khó hiểu.",https://www3.nhk.or.jp/news/html/20250812/k10014892171000.html,,,
84,不十分な,ふじゅうぶんな,"không đầy đủ, chưa đầy đủ",当該支店におけるマネーロンダリング防止活動は不十分であり、顧客審査および取引手続きに関する内部規則および通達第09/2023/TT-NHNN号に従って厳格に実施されていなかったと結論付けられました。,"Hoạt động phòng, chống rửa tiền tại chi nhánh được kết luận là chưa đầy đủ, chưa thực hiện chặt chẽ theo quy định nội bộ về quy trình sàng lọc khách hàng, giao dịch và Thông tư số 09/2023/TT-NHNN.",https://www.vietnam.vn/ja/nhieu-vi-pham-tai-agribank-khu-cong-nghiep-song-than,https://doanhnghiepvn.vn/kinh-te/nhieu-vi-pham-tai-agribank-khu-cong-nghiep-song-than/20251007014226558,,
85,不測な,ふそくな,bất trắc,一方、台風などの自然災害による閉場といった不測の事態が発生する可能性があることや、万博会場周辺の駐車場の利用が低迷し、赤字になっていることなどを踏まえ、現状では収支は確定できないとしています。,"Mặt khác, xét đến khả năng xảy ra những tình huống không lường trước được như đóng cửa do thiên tai như bão, và thực tế là các bãi đậu xe xung quanh khu vực Expo đang có mức sử dụng thấp và đang thua lỗ, tổ chức này cho biết họ không thể xác định được thu nhập và chi tiêu của mình tại thời điểm này.",https://www3.nhk.or.jp/news/html/20250818/k10014897151000.html,,"Về từ 「不測な」(không lường trước được, khó đoán)

Đây là một tính từ hiếm khi xuất hiện một mình trong tin tức kinh tế; thay vào đó, dạng phổ biến hơn là 「不測の」 như trong cụm 「不測の事態」 (tình huống bất ngờ, bất khả kháng).

VD: トランプ氏は米GDP成長率の結果にも注文を付けていた中で、今後も経済統計を巡る不測の事態が起こる可能性はあろう。
->Ông Trump từng đặt câu hỏi về kết quả tăng trưởng GDP của Mỹ, vì vậy khả năng xảy ra các tình huống bất ngờ liên quan đến số liệu kinh tế trong thời gian tới là điều khó tránh khỏi.

Nguồn:https://www.dir.co.jp/report/research/economics/outlook/20250825_025278.html?utm_source=chatgpt.com",
86,不適切な,ふてきせつな,"không thích hợp, không phù hợp",金融商品取引業者の“三木証券”は、高齢者に対してリスクを十分に説明せずに外国株式を販売したとして、日本証券業協会から「不適切な勧誘行為」を指摘された…,"Công ty chứng khoán “Miki Securities” đã bị Hiệp hội Chứng khoán Nhật Bản chỉ trích vì thực hiện các hành vi môi giới không phù hợp, khi bán cổ phiếu nước ngoài cho người cao tuổi mà không giải thích đầy đủ về rủi ro.",https://www3.nhk.or.jp/news/html/20231115/k10014258721000.html,,,
87,不透明な,ふとうめいな,"không minh bạch, mờ ám",「政策の不透明性により、世界経済の展望が低下しています。」,"Báo cáo của OECD cảnh báo rằng, do tính không minh bạch của chính sách, triển vọng tăng trưởng toàn cầu đang bị kéo điều chỉnh đi xuống.",https://www.oecd.org/ja/about/news/press-releases/2025/06/global-economic-outlook-shifts-as-trade-policy-uncertainty-weakens-growth.html,,,
88,不便な,ふべんな,bất tiện,こんなに不便ならば、免許を返納しなければよかったです,"""Nếu bất tiện như vậy, tôi không nên trả lại bằng lái xe.""",https://www3.nhk.or.jp/news/html/20230908/k10014188321000.html,,,
89,プラスな,ぷらす,"phần tăng, tích cực",３月の機械受注は２か月連続でプラスとなりました。,"Đơn đặt hàng máy móc trong tháng 3 ghi nhận mức tăng, đánh dấu tháng tăng thứ hai liên tiếp.",https://jp.reuters.com/markets/japan/funds/QBGRU25HSNMDDLMEBTMG43OI2Y-2025-05-22,,,
90,不良な,ふりょう,"hỏng, không đạt chất lượng",銀行の不良債権が増加し、金融システムへの懸念が広がっています。,"Các khoản nợ xấu của ngân hàng gia tăng, làm dấy lên lo ngại đối với hệ thống tài chính.",https://www5.cao.go.jp/j-j/wp/wp-je01/wp-je01-00202.html,,,
91,平均的な,へいきんてきな,trung bình,平均で6％から7.5％の引き上げとなる見通し…,"Dự kiến tăng trung bình từ 6% đến 7,5%.",https://www3.nhk.or.jp/news/html/20250828/k10014905931000.html,,,
92,便利な,べんりな,"tiện lợi, thuận lợi",イオンタンアンショッピングセンターは、 タイニン省（新行政中心地）のフンヴォン通りに位置します。フンヴォン通りは国道1A号線に直結する主要幹線道路で、ホーチミン市とチュンルオン高速道路までわずか1kmです。この好立地は、ホーチミン市やメコンデルタ各省からタンアンへのアクセスに便利であり、南部地域におけるイオンのプレゼンス拡大に貢献します。,"Trung tâm thương mại (TTTM) AEON Tân An tọa lạc tại Trung tâm hành chính mới của tỉnh Tây Ninh (mới), trên trục đường Hùng Vương - tuyến huyết mạch kết nối trực tiếp Quốc lộ 1A và chỉ cách cao tốc TPHCM - Trung Lương khoảng 1km. Vị trí đắc địa này giúp việc di chuyển từ TPHCM và các tỉnh đồng bằng sông Cửu Long đến Tân An trở nên thuận lợi, đồng thời mở rộng sự hiện diện của AEON tại khu vực phía Nam.",https://www.vietnam.vn/ja/khanh-thanh-aeon-tan-an-buoc-tien-moi-trong-chien-luoc-mo-rong-dau-tu-tai-viet-nam,https://dantri.com.vn/kinh-doanh/khanh-thanh-aeon-tan-an-buoc-tien-moi-trong-chien-luoc-mo-rong-dau-tu-tai-viet-nam-20251007151706995.htm,,
93,膨大な,ぼうだいな,"Khổng lồ, to lớn",「富士通」が開発したシステムにはアメリカを含む世界各国の関税率のほか、取引先企業の信頼性や扱っている製品など膨大な情報が集められています。,"Trong hệ thống do “Fujitsu” phát triển, ngoài mức thuế quan của nhiều quốc gia trên thế giới (bao gồm cả Mỹ), còn tập hợp một lượng lớn thông tin như độ tin cậy của các công ty đối tác và các sản phẩm mà họ kinh doanh.",https://www3.nhk.or.jp/news/html/20250825/k10014902191000.html,,,
94,豊富,ほうふ,"phong phú, dồi dào",地形が収束し、資源が豊富、ザライは投資家を歓迎する「扉を開く」,"Địa thế hội tụ, nguồn lực dồi dào, Gia Lai ‘mở cửa’ đón nhà đầu tư",https://www.vietnam.vn/ja/dia-the-hoi-tu-nguon-luc-doi-dao-gia-lai-mo-cua-don-nha-dau-tu,https://vietnamnet.vn/dia-the-hoi-tu-nguon-luc-doi-dao-gia-lai-mo-cua-don-nha-dau-tu-2450139.html,,
95,ポジティブな,ぽじてぃぶな,tích cực,現時点では選択肢がいろいろあることになり、消費者にはポジティブな動きだ,Đây là động thái tích cực đối với người tiêu dùng vì giờ đây họ có nhiều lựa chọn hơn.,https://www3.nhk.or.jp/news/html/20250901/k10014909571000.html,,,
96,本格的な,ほんかくてきな,"chính thức, quy mô thực sự",ユーラシア経済連合とイラン、本格的な自由貿易協定を調印,Liên minh Kinh tế Á-Âu và Iran đã ký kết một hiệp định tự do thương mại chính thức,https://www.jetro.go.jp/biznews/2023/12/de144494f875bbd6.html,,,
97,未来志向的な,みらいしこうてきな,hướng tới tương lai,両国が前向きな姿勢で未来志向的な関係を発展させるために、ともに努力することを期待している,Tôi kỳ vọng hai nước sẽ cùng nỗ lực với tinh thần tích cực để phát triển mối quan hệ hướng tới tương lai,https://www3.nhk.or.jp/news/html/20240927/k10014593981000.html,,,
98,無効な,むこうな,vô hiệu,日本製鉄 USスチール買収禁止命令の無効求めた訴訟を取り下げ,Nippon Steel đã rút lại vụ kiện yêu cầu vô hiệu lệnh cấm mua lại US Steel.,https://www3.nhk.or.jp/news/html/20250701/k10014849991000.html,,,
99,無駄な,むだな,lãng phí,でも取って配ると無駄なので、最初から取らなきゃいいんです。,"Nhưng nếu lấy rồi đem phát thì sẽ râlãng phí, nên ngay từ đầu tốt nhất là đừng lấy.",https://www3.nhk.or.jp/news/html/20250613/k10014834011000.html,,,
100,無能な,むのうな,yếu kém,パウエル議長がFRBの建物の建設管理についてひどく無能な仕事ぶりを見せているので、彼に対する大規模な訴訟を認めることを検討している,"Vì Chủ tịch Powell đã thể hiện sự yếu kém nghiêm trọng trong việc quản lý xây dựng trụ sở của FED, nên họ đang xem xét cho phép tiến hành một vụ kiện quy mô lớn chống lại ông.",https://www3.nhk.or.jp/news/html/20250812/k10014892831000.html,,,
101,無理な,むりな,"vô lý, không thể",関税率をゼロに戻せというのは今のトランプ政権に対して相当無理な注文だ。,Yêu cầu đưa thuế suất về mức 0 là một yêu cầu quá vô lý đối với chính quyền Trump hiện nay.,https://www3.nhk.or.jp/news/html/20250723/k10014871861000.html,,,
102,有益な,ゆうえき,có ích; hữu ích,…多くの投資家にとって有益であり、今後さらに注目を集めることが期待されます。,"Việc cải thiện quản trị doanh nghiệp là điều hữu ích với nhiều nhà đầu tư, và dự kiến sẽ ngày càng được chú ý hơn.",https://jp.wsj.com/articles/how-japanese-companies-are-benefiting-from-the-chips-battle-284a03b4,,,
103,有効な,ゆうこうな,hiệu quả,厚生労働省によれば、はしかの最も有効な予防法はワクチンの接種で、ほとんどの人に免疫がつくといわれる、2回の接種がのぞましいとされています。,"Theo Bộ Y tế, Lao động và Phúc lợi Nhật Bản, biện pháp phòng bệnh sởi hiệu quả nhất là tiêm vắc-xin, và được khuyến nghị tiêm hai mũi vì hầu hết mọi người sẽ hình thành miễn dịch sau khi tiêm.",https://www3.nhk.or.jp/news/html/20240326/k10014401591000.html,,,
104,優秀な,ゆうしゅうな,"ưu tú, xuất sắc",テクコムバンクのAuto Profitテクノロジープラットフォームは、最も厳格な国際基準のテストに合格しており、IBA Stevie Awards 2025において、顧客中心型製品デザイン部門の金賞、優秀AIアプリケーション部門の銅賞2つ、優秀金融サービス部門の銅賞を含む、権威ある3つの賞を受賞しました。,"Nền tảng công nghệ của Techcombank Sinh Lời Tự Động đã vượt qua bài kiểm chứng theo tiêu chuẩn quốc tế khắt khe nhất, minh chứng là ba giải thưởng danh giá tại IBA Stevie Awards 2025, gồm giải Vàng cho Sản phẩm thiết kế lấy khách hàng làm trọng tâm, hai giải Đồng cho Ứng dụng AI xuất sắc và Dịch vụ tài chính xuất sắc.",https://www.vietnam.vn/ja/cach-techcombank-tao-dau-an-khac-biet-voi-sinh-loi-tu-dong,https://vietnamnet.vn/cach-techcombank-tao-dau-an-khac-biet-voi-sinh-loi-tu-dong-2450148.html,,
105,有利な,ゆうりな,lợi thế,多くの企業は、メディアのスターに多額の予算を費やす代わりに、自社のCEOに自社ブランドを代表させるという、より有利な戦略を選択しています。,"Thay vì chi trả ngân sách lớn cho các ngôi sao truyền thông, nhiều doanh nghiệp đã lựa chọn một chiến lược lợi thế hơn khi đưa chính CEO của mình ra làm đại diện thương hiệu. ",https://www.vietnam.vn/ja/the-high-don-bay-kinh-doanh-tu-loi-the-ceo-lam-dai-dien-thuong-hieu,https://vtv.vn/the-high-don-bay-kinh-doanh-tu-loi-the-ceo-lam-dai-dien-thuong-hieu-100250923170136642.htm,,
106,多額な,たがくな,ngân sách lớn,多くの企業は、メディアのスターに多額の予算を費やす代わりに、自社のCEOに自社ブランドを代表させるという、より有利な戦略を選択しています。,"Thay vì chi trả ngân sách lớn cho các ngôi sao truyền thông, nhiều doanh nghiệp đã lựa chọn một chiến lược lợi thế hơn khi đưa chính CEO của mình ra làm đại diện thương hiệu. ",https://www.vietnam.vn/ja/the-high-don-bay-kinh-doanh-tu-loi-the-ceo-lam-dai-dien-thuong-hieu,https://vtv.vn/the-high-don-bay-kinh-doanh-tu-loi-the-ceo-lam-dai-dien-thuong-hieu-100250923170136642.htm,,
107,有力な,ゆうりょくな,có ảnh hưởng lớn,有力紙「ウォール・ストリート・ジャーナル」は、適切な対価があれば国家安全保障上の優先事項を後回しにできることを示唆しているという専門家の指摘を紹介するなど、波紋が広がっています。,"Tòa soạn lớn Wall Street Journal đưa tin về động thái này, trích dẫn lời các chuyên gia cho rằng điều này cho thấy các ưu tiên về an ninh quốc gia có thể bị gác lại nếu có mức bồi thường phù hợp.",https://www3.nhk.or.jp/news/html/20250812/k10014892441000.html,,,
108,豊かな,ゆたかな,phong phú,将来性が豊かなアフリカ市場は日本経済にとって重要だ。,Thị trường châu Phi giàu tiềm năng là khu vực quan trọng đối với kinh tế Nhật Bản.,https://www3.nhk.or.jp/news/html/20250818/k10014896651000.html,,,
109,緩やかな,ゆるやかな,"chậm rãi, nhẹ",物価の上昇は緩やかになるという見方が強まっている。,Quan điểm cho rằng lạm phát sẽ tăng chậm lại ngày càng được củng cố.,https://www3.nhk.or.jp/news/html/20250815/k10014895001000.html,,,
110,予定外な,よていがいな,đột xuất,アメリカでは世帯の40％近くが借り入れなしに400ドル以上の予定外の支出を賄えないとして、対応を誤れば社会不安を招きかねないと懸念を示しています。,"Tại Mỹ, gần 40% hộ gia đình được cho là không thể chi trả khoản chi tiêu đột xuất trên 400 đô la nếu không vay mượn, và đã có lo ngại rằng nếu ứng phó sai lầm thì có thể dẫn đến bất ổn xã hội",https://www3.nhk.or.jp/news/html/20200402/k10012363761000.html,,,
111,弱気な,よわきな,Tình hình giá cả giảm sút,先月12日につけた最高値と比べて、6365ドル安、率にして21.5％の値下がりというもので、「20％を超えた」ことで、今後も軟調な値動きが続く「弱気相場」に入ったとされています。,"So với mức cao nhất đạt được vào ngày 12 tháng trước, giá đã giảm 6.365 đô la, tức giảm 21,5%. Do mức giảm vượt quá 20%, nên được xem là đã bước vào “thị trường giá xuống”, với dự đoán xu hướng ảm đạm sẽ còn tiếp diễn.",https://www3.nhk.or.jp/news/html/20200314/k10012331221000.html,,,
112,良好な,りょうこうな,"tốt, tích cực",私の見解では、資本フローに大きな改善が見られない場合、格上げ結果が発表されても市場は依然として慎重な取引に傾くでしょう。結果が良好で、株式市場が新興国市場に格上げされた場合、外国人投資家の動向にも注意を払う必要があります。,"Theo tôi thị trường vẫn sẽ nghiêng về giao dịch thận trọng ngay cả khi kết quả nâng hạng được công bố, khi dòng vốn hiện chưa có nhiều khởi sắc. Nếu kết quả tích cực, thị trường chứng khoán được nâng hạng lên thị trường mới nổi, cũng cần theo dõi thêm động thái của khối ngoại.",https://www.vietnam.vn/ja/chung-khoan-co-the-nen-lo-xo-nha-dau-tu-nen-lam-gi,https://vtcnews.vn/chung-khoan-co-the-nen-lo-xo-nha-dau-tu-nen-lam-gi-ar967953.html,,
113,冷静な,れいせい,bình tĩnh,全国のスーパーで販売されたコメの平均価格が直近で5キロ・4000円を超えたことについて、小泉農林水産大臣は、ことしは生産量が大幅に増える見通しだという情報を提供し、市場に冷静な対応を呼びかけていく考えを示しました。,"Về việc giá gạo trung bình bán tại các siêu thị trên toàn quốc vừa vượt quá 4.000¥/5kg, Bộ trưởng Nông Lâm Thủy sản Koizumi cho biết năm nay sản lượng dự kiến sẽ tăng mạnh và kêu gọi thị trường giữ bình tĩnh",https://www3.nhk.or.jp/news/html/20250916/k10014923851000.html,,,
114,歴史的な,れきしてきな,mang tính lịch sử,この訪問は、シアトルで歴史的な出来事が起こった直後に行われました。,Chuyến thăm diễn ra ngay sau sự kiện lịch sử tại Seattle,https://www.vietnam.vn/ja/doanh-nghiep-viet-khang-dinh-khat-vong-hoi-nhap-go-cua-san-chung-khoan-lon-nhat-the-gioi,https://baochinhphu.vn/doanh-nghiep-viet-khang-dinh-khat-vong-hoi-nhap-go-cua-san-chung-khoan-lon-nhat-the-gioi-102250924020758608.htm,,
115,僅かな,わずかな,"một chút, số lượng nhỏ",えさ場の状況や気温の僅かな変化で生息域が変わるので、注意深く観察を続ける必要がある。,"Vì môi trường sống của chúng thay đổi theo tình trạng nơi kiếm ăn và sự thay đổi nhỏ của nhiệt độ, nên cần phải tiếp tục quan sát cẩn thận.",https://www3.nhk.or.jp/news/html/20250714/k10014862911000.html,,,
116,割高な,わりだかな,giá cao,ウォール街の3営業日連続の下落も市場に影響を与えた。2025年4月以来の上昇局面における株価の割高感への懸念が、引き続き市場心理を圧迫した。,Thị trường cũng chịu tác động khi chứng kiến phố Wall giảm điểm phiên thứ ba liên tiếp. Những lo ngại về việc định giá cổ phiếu quá cao sau đợt tăng kéo dài từ tháng 4/2025 tiếp tục gây sức ép lên tâm lý thị trường.,https://www.vietnam.vn/ja/thi-truong-chau-a-lao-doc-do-lo-ngai-ve-trien-vong-lai-suat-cua-my,https://baotintuc.vn/thi-truong-tien-te/thi-truong-chau-a-lao-doc-do-lo-ngai-ve-trien-vong-lai-suat-cua-my-20250926162111455.htm,,
117,割安,わりやす,Giá rẻ,割安な備蓄米の需要は一定程度あることから、会社では国に対して販売期限を延長するよう求めています。,Do nhu cầu về gạo dự trữ giá rẻ ở mức nhất định nên công ty đang đề nghị chính phủ gia hạn thời gian bán.,https://www3.nhk.or.jp/news/html/20250818/k10014896681000.html,,,
118,精神的な,せいしんてきな,Về mặt tinh thần,アメリカでは若者がAIとの対話を重ねる中で精神的に依存する事態も起きていて、オープンAIは親が子どもの利用状況を管理できる仕組みを導入すると明らかにしています。,"Ở Mỹ, trước tình trạng người trẻ bị phụ thuộc về mặt tinh thần trong khi tương tác với AI, OpenAI cũng đã làm rõ họ sẽ áp dụng tính năng cho phép phụ huynh quản lý tình trạng sử dụng của con cái",https://www3.nhk.or.jp/news/html/20250909/k10014917161000.html,,,
119,さまざまな,さまざまな,Đa dạng,大変無念な思いだが、政府として引き続きさまざまな政策課題への対応に真摯に取り組んでいきたい。,"Tôi cảm thấy vô cùng tiếc nuối, nhưng với tư cách là chính phủ, chúng tôi sẽ tiếp tục nghiêm túc đối phó với nhiều vấn đề chính sách đa dạng.",https://www3.nhk.or.jp/news/html/20250908/k10014916151000.html,,,
120,リーズナブルな,リーズナブルな,"Hợp lý, phải chăng",...今後も規制は厳格化されていくし、リーズナブルな価格で提供し続けられなくなることが、生産終了の要因だ」と率直に語った。,"Ông thẳng thắn cho biết: “Trong thời gian tới, các quy định sẽ ngày càng nghiêm ngặt hơn, và việc không thể tiếp tục cung cấp với mức giá hợp lý chính là nguyên nhân dẫn đến việc chấm dứt sản xuất.”",https://www3.nhk.or.jp/news/html/20250903/k10014910111000.html,,,
121,不正な,ふせいな,Bất hợp pháp,アメリカのAI新興企業の「アンソロピック」に著作物を不正に使われたとして作家らが訴えていた裁判で、会社側が、少なくとも日本円にして2200億円を支払って和解することで合意しました。,"Trong vụ kiện mà các nhà văn cáo buộc công ty khởi nghiệp AI của Mỹ “Anthropic” đã sử dụng tác phẩm của họ một cách trái phép, phía công ty đã đồng ý dàn xếp bằng cách chi trả ít nhất tương đương 220 tỷ yên.",https://www3.nhk.or.jp/news/html/20250906/k10014915231000.html,,,
122,不注意な,ふちゅういな,"bất cẩn, coi thường",サントリーから国内での合法性に疑いを持たれるようなサプリメントを購入したことは不注意であり、役職に堪えないという認識を示された。,"Việc mua thực phẩm chức năng từ Suntory mà trong nước bị nghi ngờ về tính hợp pháp đã bị xem là một sự bất cẩn, và người đó đã bày tỏ quan điểm rằng mình không còn xứng đáng với cương vị hiện tại.",https://www3.nhk.or.jp/news/html/20250903/k10014911061000.html,,,
123,世界的な,せかいてきな,Mang tính toàn cầu,債券市場では3日、世界的な金利上昇を背景に日本国債を売る動きが広がりました。,"Ngày 3, trên thị trường trái phiếu, do lãi suất toàn cầu tăng, đã xuất hiện làn sóng bán ra trái phiếu chính phủ Nhật Bản.",https://www3.nhk.or.jp/news/html/20250903/k10014911981000.html,,,
124,優良な,ゆうりょうな,"Tốt, xuất sắc",すでに全国各地で優良な取り組みが行われている。,"Hiện nay, trên khắp cả nước đã có nhiều sáng kiến, hoạt động tốt đang được triển khai.",https://www3.nhk.or.jp/news/html/20250905/k10014912481000.html,,,
125,全面的な,ぜんめんてきな,Toàn diện,第三者委員会による調査に全面的に協力していきます,Chúng tôi sẽ hợp tác toàn diện với cuộc điều tra do ủy ban độc lập (ủy ban bên thứ ba) tiến hành.,https://www3.nhk.or.jp/news/html/20250904/k10014912661000.html,,,
126,公正な,こうせいな,Công bằng,EU＝ヨーロッパ連合は5日、アメリカのIT大手グーグルが、自社の広告サービスが有利になる仕組みを設け、公正な競争を妨げたとして日本円でおよそ5000億円の制裁金を科したと発表しました。,"Liên minh châu Âu (EU) ngày 5 thông báo đã phạt tập đoàn công nghệ lớn của Mỹ là Google khoảng 500 tỷ yên, với lý do công ty này thiết lập cơ chế giúp dịch vụ quảng cáo của mình có lợi thế và cản trở cạnh tranh công bằng.",https://www3.nhk.or.jp/news/html/20250906/k10014915051000.html,,,
127,合法な,ごうほうな,hợp pháp,安全で合法なものを購入したと考えているが、サプリメントは使用しておらず、手元にもない,"Tôi tin rằng mình đã mua sản phẩm an toàn và hợp pháp, nhưng tôi chưa từng sử dụng thực phẩm chức năng đó và hiện cũng không còn giữ.",https://www3.nhk.or.jp/news/html/20250903/k10014911061000.html,,,
128,合理的な,ごうりてきな,"Hợp lý, có lý",金利がない世界では“じっとしていた方が合理的”ということもあったかもしれない。,"Trong một thế giới không có lãi suất, có lẽ việc “giữ nguyên, không làm gì” cũng là lựa chọn hợp lý.",https://www3.nhk.or.jp/news/html/20250905/k10014912481000.html,,,
129,同じな,おなじな,"Giống nhau, như nhau",ただ、黒字額を前の年の同じ月と比べると、6354億円縮小しました。,"Tuy nhiên, so với cùng tháng năm trước, mức thặng dư đã giảm 635,4 tỷ yên.",https://www3.nhk.or.jp/news/html/20250908/k10014916241000.html,,,
130,喫緊な,きっきんな,"Cấp bách, khẩn cấp",経営を立て直すには、こうした固定費の削減だけでなく、販売台数の回復に向けた商品力・ブランドイメージの強化も喫緊の課題だろう。,"Để tái thiết hoạt động kinh doanh, không chỉ cần cắt giảm những chi phí cố định như trên, mà việc tăng cường sức cạnh tranh của sản phẩm và củng cố hình ảnh thương hiệu nhằm phục hồi sản lượng bán ra cũng là một vấn đề cấp bách.",https://www3.nhk.or.jp/news/html/20250903/k10014910111000.html,,,
131,国際的な,こくさいてきな,Mang tính quốc tế,ベトジェット会長は、ベトナム企業を国際舞台に導き、ニューヨークの世界最大の証券取引所に上場し、国際的な資本動員チャネルを拡大し、国際金融地図におけるベトナムの地位を確固たるものにしたいとの希望を表明した。,"Chủ tịch Vietjet bày tỏ khát vọng đưa doanh nghiệp Việt Nam vươn ra sân chơi toàn cầu, hiện diện tại sàn chứng khoán lớn nhất thế giới ở New York, mở rộng kênh huy động vốn quốc tế và khẳng định vị thế Việt Nam trên bản đồ tài chính toàn cầu. ",https://www.vietnam.vn/ja/doanh-nghiep-viet-khang-dinh-khat-vong-hoi-nhap-go-cua-san-chung-khoan-lon-nhat-the-gioi,https://baochinhphu.vn/doanh-nghiep-viet-khang-dinh-khat-vong-hoi-nhap-go-cua-san-chung-khoan-lon-nhat-the-gioi-102250924020758608.htm,,
132,圧倒的な,あっとうてきな,"Áp đảo, vượt trộ",その圧倒的なスペックで世界のファンを魅了をしてきたスポーツカーだ。,Đó là chiếc xe thể thao đã chinh phục người hâm mộ trên khắp thế giới nhờ những thông số kỹ thuật vượt trội của nó.,https://www3.nhk.or.jp/news/html/20250903/k10014910111000.html,,,
133,将来的な,しょうらいてきな,Trong tương lai,政府はコメを増産する方針を打ち出す一方、コメ余りを防ぐため、将来的に輸出の拡大が重要になるとしています。,"Chính phủ, trong khi đưa ra chính sách tăng sản lượng gạo, cũng cho rằng để tránh tình trạng dư thừa gạo, việc mở rộng xuất khẩu trong tương lai sẽ trở nên quan trọng.",https://www3.nhk.or.jp/news/html/20250905/k10014914531000.html,,,
134,巨額な,きょがくな,số tiền lớn,アメリカのメディアは巨額の報酬によってマスク氏を引き止めるねらいがあると伝えています。,Truyền thông Mỹ đưa tin rằng mục đích là nhằm giữ chân ông Musk bằng mức thù lao khổng lồ.,https://www3.nhk.or.jp/news/html/20250906/k10014915031000.html,,,
135,徹底的な,てっていてきな,"Triệt để, kỹ lưỡng",延滞債権、不良債権、リスク管理済みの債権については、定期的にモニタリングを行い、徹底的に回収する必要がある。,"Các khoản nợ quá hạn, nợ xấu, nợ đã xử lý rủi ro cần được theo dõi thường xuyên và thu hồi triệt để.",https://www.vietnam.vn/ja/nhieu-vi-pham-tai-agribank-khu-cong-nghiep-song-than,https://doanhnghiepvn.vn/kinh-te/nhieu-vi-pham-tai-agribank-khu-cong-nghiep-song-than/20251007014226558,,
,定期的な,ていきてきな,"định kì, thường xuyên",延滞債権、不良債権、リスク管理済みの債権については、定期的にモニタリングを行い、徹底的に回収する必要がある。,"Các khoản nợ quá hạn, nợ xấu, nợ đã xử lý rủi ro cần được theo dõi thường xuyên và thu hồi triệt để.",https://www.vietnam.vn/ja/nhieu-vi-pham-tai-agribank-khu-cong-nghiep-song-than,https://doanhnghiepvn.vn/kinh-te/nhieu-vi-pham-tai-agribank-khu-cong-nghiep-song-than/20251007014226558,,
137,恣意的な,しいてきな,"ùy tiện, độc đoán",本社やグループ会社の経営陣の関与や認識のもとで、資産評価の見直しの時期を恣意的に検討するなど、不適切な会計処理を疑わせる資料が複数見つかりました。,"Đã phát hiện nhiều tài liệu cho thấy khả năng có hành vi kế toán không phù hợp, chẳng hạn như việc xem xét lại thời điểm đánh giá tài sản một cách tùy tiện dưới sự tham gia hoặc nhận thức của ban lãnh đạo trụ sở chính và các công ty trong tập đoàn.",https://www3.nhk.or.jp/news/html/20250904/k10014912661000.html,,,
138,持続可能な,じぞくかのうな,Bền vững,CEOのTruong Hien氏とThe Highは、リーダーが自らの評判とストーリーをブランドに反映させることで、持続可能で深みのあるビジネス戦略を構築できることを明確に示しています。,"CEO Trương Hiền và The High là minh chứng rõ ràng cho thấy khi người đứng đầu sẵn sàng đặt uy tín và câu chuyện của mình vào thương hiệu, sẽ tạo ra một chiến lược kinh doanh bền vững và sâu sắc.",https://www.vietnam.vn/ja/the-high-don-bay-kinh-doanh-tu-loi-the-ceo-lam-dai-dien-thuong-hieu,https://vtv.vn/the-high-don-bay-kinh-doanh-tu-loi-the-ceo-lam-dai-dien-thuong-hieu-100250923170136642.htm,,
139,新たな,あらたな,mới mẻ,NYSEへの訪問は、ベトジェット、HDバンク、ベトナム企業に新たな機会をもたらすだけでなく、グローバル化の時代に繁栄しようと強く願う、ダイナミックで統合されたベトナムのイメージを広めることになります。,"Chuyến thăm NYSE không chỉ mở ra cơ hội mới cho Vietjet, HDBank và các doanh nghiệp Việt Nam, mà còn lan tỏa hình ảnh một Việt Nam năng động, hội nhập và khát vọng vươn mình mạnh mẽ trong kỷ nguyên toàn cầu hóa.",https://www.vietnam.vn/ja/doanh-nghiep-viet-khang-dinh-khat-vong-hoi-nhap-go-cua-san-chung-khoan-lon-nhat-the-gioi,https://baochinhphu.vn/doanh-nghiep-viet-khang-dinh-khat-vong-hoi-nhap-go-cua-san-chung-khoan-lon-nhat-the-gioi-102250924020758608.htm,,
140,最新な,さいしんな,"Mới nhất, gần đây nhất",先日、上海（中国）で開催されたHuawei Connect 2025イベントの枠組みの中で、Huaweiエンタープライズビジネスグループのシニアバイスプレジデント兼プレジデントであるレオ・チェン氏が、産業インテリジェンスにおけるHuaweiの最新の実情について見解を共有しました。,"Trong khuôn khổ sự kiện Huawei Connect 2025 diễn ra tại Thượng Hải (Trung Quốc) mới đây, ông Leo Chen – Phó Chủ tịch Cấp cao kiêm Chủ tịch Khối Kinh doanh Doanh nghiệp Huawei đã chia sẻ những góc nhìn về tình hình thực tiễn mới nhất của Huawei về trí tuệ công nghiệp. ",https://www.vietnam.vn/ja/thuc-day-ung-dung-ai-trong-san-xuat-van-hanh-doanh-nghiep,https://doanhnghiepvn.vn/kinh-te/thuc-day-ung-dung-ai-trong-san-xuat-van-hanh-doanh-nghiep/20250925090401159,,
141,楽観的な,らっかんてきな,"Lạc quan, tích cực",私は、銀行株が短期的に底値を形成しつつあるという、より楽観的なシナリオに傾いている。それによって、VN指数がその価格基盤を維持し、近い将来に過去の高値に挑戦する機会が開かれるだろう,"Tôi nghiêng về kịch bản tích cực hơn là các cổ phiếu ngân hàng nhiều khả năng đang trong quá trình tạo đáy ngắn hạn, qua đó hỗ trợ VN-Index giữ nền giá và mở ra cơ hội thử thách đỉnh cũ trong thời gian tới",https://www.vietnam.vn/ja/chung-khoan-co-the-nen-lo-xo-nha-dau-tu-nen-lam-gi,https://vtcnews.vn/chung-khoan-co-the-nen-lo-xo-nha-dau-tu-nen-lam-gi-ar967953.html,,
142,潔白な,けっぱくな,"Trong sạch, vô tội",私は法を犯しておらず、潔白であると思っている,Tôi không hề vi phạm pháp luật nào và tin rằng mình vô tội.,https://www3.nhk.or.jp/news/html/20250904/k10014912061000.html,,,
143,無実な,むじつな,Vô tội,本人は無実だと言って警察が捜査している状況で第三者が判断できる材料はない,"Trong khi chính người đó khẳng định mình vô tội và cảnh sát vẫn đang điều tra, thì bên thứ ba không có cơ sở nào để đưa ra phán đoán.",https://www3.nhk.or.jp/news/html/20250904/k10014912861000.html,,,
144,無念な,むねんな,"Tiếc nuối, hối tiếc",大変無念な思いだが、政府として引き続きさまざまな政策課題への対応に真摯に取り組んでいきたい。,"Tôi cảm thấy vô cùng tiếc nuối, nhưng với tư cách là chính phủ, chúng tôi sẽ tiếp tục nghiêm túc đối phó với nhiều vấn đề chính sách đa dạng.",https://www3.nhk.or.jp/news/html/20250908/k10014916151000.html,,,
145,率直な,そっちょくな,"Thẳng thắn, trực tiếp",...今後も規制は厳格化されていくし、リーズナブルな価格で提供し続けられなくなることが、生産終了の要因だ」と率直に語った。,"Ông thẳng thắn cho biết: “Trong thời gian tới, các quy định sẽ ngày càng nghiêm ngặt hơn, và việc không thể tiếp tục cung cấp với mức giá hợp lý chính là nguyên nhân dẫn đến việc chấm dứt sản xuất.”",https://www3.nhk.or.jp/news/html/20250903/k10014910111000.html,,,
146,真剣な,しんけんな,Nghiêm túc,少し規模を減らしていくといった取り組みを真剣に考えるときにきているのではないか,Chẳng phải đã đến lúc cần nghiêm túc suy nghĩ về việc thực hiện các biện pháp như thu hẹp quy mô hay sao?,https://www3.nhk.or.jp/news/html/20250904/k10014912901000.html,,,
147,真摯な,しんしな,"Chân thành, nghiêm túc",今回の指摘を真摯に受け止め、適正な対応に努めていきます。,Chúng tôi sẽ nghiêm túc tiếp thu những ý kiến chỉ ra lần này và nỗ lực thực hiện các biện pháp ứng xử phù hợp.,https://www3.nhk.or.jp/news/html/20250908/k10014916361000.html,,,
148,財政拡張的な,ざいせいかくちょうてきな,Mang tính mở rộng tài chính,新たな政権が野党との協力を模索する中で財政拡張的な経済政策を進めるのではないかという思惑から、買い注文が広がった一方で、当面の利益をいったん確定しようという売り注文も出た。,"Trong lúc chính quyền mới đang tìm cách hợp tác với phe đối lập, đã xuất hiện kỳ vọng rằng họ sẽ thúc đẩy các chính sách kinh tế theo hướng mở rộng tài khóa. Vì vậy, lệnh mua cổ phiếu lan rộng. Tuy nhiên, cùng lúc đó cũng có những lệnh bán nhằm chốt lợi nhuận tạm thời.",https://www3.nhk.or.jp/news/html/20250908/k10014916251000.html,,,
149,身近な,みぢかな,"Gần gũi, quen thuộc",今回は、暑さが要因となって支出が押し上げられた形となったが、食料など生活に身近な分野では節約志向が見られていて、今後の状況を注視したい,"Lần này, nắng nóng đã trở thành yếu tố khiến chi tiêu tăng lên, nhưng ở các lĩnh vực thiết yếu như thực phẩm lại xuất hiện xu hướng tiết kiệm, vì vậy cần tiếp tục theo dõi sát tình hình trong thời gian tới.",https://www3.nhk.or.jp/news/html/20250905/k10014913531000.html,,,
150,通常な,つうじょうな,"Bình thường, thông thường",九州新幹線西九州ルートをめぐり、長崎県の大石知事らは着工の見通しが立っていない佐賀県内の区間について、通常の新幹線と同じ「フル規格」で早期に整備するよう石破総理大臣に要望しました。,"Liên quan đến tuyến Kyushu Shinkansen nhánh Tây Kyushu, Thống đốc Oishi của tỉnh Nagasaki cùng các bên liên quan đã kiến nghị Thủ tướng Ishiba sớm xây dựng đoạn đi qua tỉnh Saga, vốn chưa có triển vọng khởi công, theo “quy cách đầy đủ” giống như các tuyến Shinkansen thông thường.",https://www3.nhk.or.jp/news/html/20250904/k10014912701000.html,,,
151,過度な,かどな,"Quá mức, quá đáng",過度な返礼品競争を防ぐため...,để ngăn chặn tình trạng cạnh tranh quá mức trong việc tặng quà đáp lễ…,https://www3.nhk.or.jp/news/html/20250904/k10014912901000.html,,,
152,違法な,いほうな,Bất hợp pháp,違法な政治介入だとして、バイデン前大統領と買収計画を審査したアメリカ政府の委員会に対して、命令の無効と審査のやり直しを求めるなど、複数の訴えを起こしていました。,"Với lý do đây là sự can thiệp chính trị bất hợp pháp, đã có nhiều đơn kiện được nộp nhằm yêu cầu hủy bỏ quyết định và tiến hành xem xét lại đối với cựu Tổng thống Biden cũng như ủy ban của chính phủ Mỹ, cơ quan đã thẩm tra kế hoạch mua lại.",https://www3.nhk.or.jp/news/html/20250904/k10014912361000.html,,,
153,適時な,てきじな,"Đúng lúc, kịp thời",いずれにしても経済または財政に関する政策についてすぐれた識見を有する者という観点から任命しており、適時、適切に対応していく,"Dù thế nào đi nữa, việc bổ nhiệm đều dựa trên quan điểm chọn người có kiến thức và tầm nhìn xuất sắc về chính sách kinh tế hoặc tài chính, và chúng tôi sẽ ứng phó kịp thời, thích hợp.",https://www3.nhk.or.jp/news/html/20250903/k10014911061000.html,,,
154,適正な,てきせいな,"Thích hợp, phù hợp",去年からは自治体に対して産地の適正な表示や定期的な調査を求めています。,"Từ năm ngoái, chính quyền đã yêu cầu các địa phương thực hiện việc ghi nhãn xuất xứ một cách phù hợp và tiến hành khảo sát định kỳ.",https://www3.nhk.or.jp/news/html/20250904/k10014912901000.html,,,
155,適法な,てきほうな,hợp pháp,さらに新浪氏が適法だと認識して購入したサプリメントと同一のものかどうかもわからないとしています。,"Ngoài ra, cũng không rõ liệu đó có phải là cùng loại thực phẩm chức năng mà ông Niinami đã cho rằng hợp pháp và đã mua hay không.",https://www3.nhk.or.jp/news/html/20250903/k10014911061000.html,,,
156,金銭的な,きんせんてき,"Tiền tệ, tài chính",一連の訴訟が終結することに対し、当事者間で金銭的対価の授受は行われていないとしています。,"Về việc chấm dứt loạt vụ kiện, phía liên quan cho biết giữa các bên không có bất kỳ khoản thanh toán tiền tệ nào được thực hiện.",https://www3.nhk.or.jp/news/html/20250904/k10014912361000.html,,,
157,鮮明な,せんめいな,"Rõ ràng, minh bạch",トランプ政権の関税措置などの影響で、アメリカ経済を支えてきた労働市場が減速していることが鮮明となりました。,"Do tác động từ các biện pháp thuế quan của chính quyền Trump và những yếu tố khác, sự chững lại của thị trường lao động — vốn là trụ cột của nền kinh tế Mỹ — đã trở nên rõ rệt.",https://www3.nhk.or.jp/news/html/20250905/k10014914891000.html,,,
158,大変な,たいへんな,"Vô cùng, rất",大変参考になりましたいつも大変お世話になっております。 ,Xin chân thành cảm ơn vì luôn nhận được sự hỗ trợ quý báu từ quý vị.,西出ひろ子の「仕事の基本・正しいビジネスメールの書き方」p.110,,,
159,新鮮な,しんせんな,tươi sống,ご地の新鮮な海の幸をご馳走になり、舌鼓を打つばかりでした。 ,"Tôi đã được thưởng thức hải sản tươi ngon của địa phương, ngon đến mức chỉ biết khen nức nở.",西出ひろ子の「仕事の基本・正しいビジネスメールの書き方」p.110,,,
160,貴重な,きちょうな,"quý giá, quý báu",また皆様から貴重なお話を伺うことができましたこと、非常にうれしく思っております。 ,Tôi cũng rất vui vì đã có cơ hội được lắng nghe những chia sẻ quý báu từ mọi người.,西出ひろ子の「仕事の基本・正しいビジネスメールの書き方」p.110,,,
161,格別な,かくべつ,"Khác biệt, đặc biệt",平素より格別のご高配を賜り、誠にありがとうございます。,Xin chân thành cảm ơn sự quan tâm và ưu ái đặc biệt mà quý vị đã dành cho chúng tôi trong suốt thời gian qua.,西出ひろ子の「仕事の基本・正しいビジネスメールの書き方」p.112,,,
162,多忙な,たぼうな,bận rộn,今後ますますご多忙の身になられることと存じますが、くれぐれもご自愛の上、ご活躍されますことをお祈り申し上げます,"Tôi biết rằng trong thời gian tới, quý vị sẽ ngày càng bận rộn hơn, nhưng xin hãy thật chú ý giữ gìn sức khỏe, và tôi chân thành cầu chúc quý vị luôn thành công trong công việc.",西出ひろ子の「仕事の基本・正しいビジネスメールの書き方」p.112,,,
163,失礼な,しつれいな,"Vô phép, khiếm nhã",この度は弊社社員の●●が◆◆様に対し、大変失礼な態度であった由、承りました。 ,Chúng tôi đã nhận được thông tin rằng nhân viên ●● của công ty chúng tôi đã có thái độ vô cùng khiếm nhã đối với quý ◆◆ trong lần này.,西出ひろ子の「仕事の基本・正しいビジネスメールの書き方」p.115,,,
164,不快な,ふかいな,"khó chịu, không hài lòng",◆◆様にご不快な思いをさせてしまいましたこと、誠に申し訳ございませんでした。,Chúng tôi thành thật xin lỗi vì đã khiến quý ◆◆ cảm thấy khó chịu.,西出ひろ子の「仕事の基本・正しいビジネスメールの書き方」p.115,,,
165,厳重な,げんじゅうな,nghiêm khắc,私からも厳重に注意し、本人も深く反省いたしております。 ,Tôi cũng đã nghiêm khắc nhắc nhở và bản thân anh/chị ấy cũng đang rất hối lỗi.,西出ひろ子の「仕事の基本・正しいビジネスメールの書き方」p.115,,,
166,本当な,ほんとうな,thật sự,この度は◎◎賞受賞、本当におめでとうございます。,thật sự xin chúc mừng bạn đã nhận được giải thưởng ◎◎ lần này!,西出ひろ子の「仕事の基本・正しいビジネスメールの書き方」p.116,,,
167,不本意な,ふほんいな,"bất đắc dĩ, miễn cưỡng",本来であれば、直接お目にかかり、お祝いを申し述べるべきところですが、あいにく海外への出張が決まっており、誠に不本意ながら失礼させていただきます。,"Lẽ ra tôi nên trực tiếp gặp anh/chị để chúc mừng, nhưng bất đắc dĩ là tôi đã có lịch công tác ở nước ngoài, nên đành phải thất lễ, mong bạn thông cảm.",西出ひろ子の「仕事の基本・正しいビジネスメールの書き方」p.116,,,
168,残念な,ざんねんな,"tiếc nuối, đáng tiếc",せっかくのお招きにもかかわらず、大変残念ではございますが、あしからずご了承いただけますと幸いです。 ,"Mặc dù rất trân trọng lời mời, nhưng thật đáng tiếc tôi không thể tham dự. Rất mong quý vị thông cảm.",西出ひろ子の「仕事の基本・正しいビジネスメールの書き方」p.116,,,
169,平常な,へいじょうな,Bình thường,平常通り ,như bình thường,西出ひろ子の「仕事の基本・正しいビジネスメールの書き方」p.121,,,
170,急な,きゅうな,"gấp gáp, đột xuất ",本来であれば、直接ご挨拶に伺うべきところですが、急な辞令のため、メールにてのご報告となり、申し訳ありません。 ,"Lẽ ra tôi nên trực tiếp đến chào hỏi, nhưng do quyết định điều chuyển đột xuất nên đành phải thông báo qua email, rất mong được thông cảm.",西出ひろ子の「仕事の基本・正しいビジネスメールの書き方」p.122,,,
171,丁重な,ていちょうな,"lịch sự, trang trọng",〇〇様には身に余るほど、丁重なご挨拶を頂戴し、誠にありがとうございました。 ,Xin chân thành cảm ơn quý 〇〇 đã dành cho tôi lời chào hỏi trang trọng vượt quá sự trông đợi.,西出ひろ子の「仕事の基本・正しいビジネスメールの書き方」p.124,,,
172,有意義な,ゆういぎな,"có ý nghĩa, hữu ích",皆様から貴重なご意見を伺うことができ、大変有意義でした。 ,"Tôi đã có cơ hội lắng nghe những ý kiến quý báu của mọi người, và điều đó thực sự rất hữu ích.",西出ひろ子の「仕事の基本・正しいビジネスメールの書き方」p.126,,,
173,勝手な,かってな,đường đột,誠に勝手ながら弊社での準備の都合もあるため、ご多忙中、恐縮でございますが、早急に返信くださいますよう、お願い申し上げます。,"Chúng tôi thành thật xin lỗi vì sự đường đột này, nhưng do cần sắp xếp công việc chuẩn bị, rất mong anh/chị — dù đang bận — vui lòng phản hồi cho chúng tôi trong thời gian sớm nhất.",西出ひろ子の「仕事の基本・正しいビジネスメールの書き方」p.131,,,
174,最適な,さいてきな,phù hợp nhất,さらに、お客様から直接フィードバックをいただくことが、ニーズと市場に最適な製品へと常に改良を重ねるモチベーションとなっています。,"Ngoài ra, những phản hồi trực tiếp từ họ đã trở thành động lực để tôi không ngừng cải tiến sản phẩm của mình sao cho phù hợp nhất với nhu cầu và thị trường.",https://www.vietnam.vn/ja/the-high-don-bay-kinh-doanh-tu-loi-the-ceo-lam-dai-dien-thuong-hieu,https://vtv.vn/the-high-don-bay-kinh-doanh-tu-loi-the-ceo-lam-dai-dien-thuong-hieu-100250923170136642.htm,,
175,光栄な,こうえいな,vinh dự,弊社サービスについてご検討いただけるとのこと、大変光栄に存じます。 ,Chúng tôi rất vinh dự khi được biết Quý công ty đang xem xét dịch vụ của chúng tôi.,西出ひろ子の「仕事の基本・正しいビジネスメールの書き方」p.139,,,
176,不明な,ふめいな,chưa rõ,何かご不明な点等ございましたら、◆◆までご遠慮なくお問い合わせくださいませ。 ,"Nếu có điểm nào chưa rõ, xin vui lòng đừng ngần ngại liên hệ với ◆◆.",西出ひろ子の「仕事の基本・正しいビジネスメールの書き方」p.141,,,
177,寛容な,かんような,"bao dung, độ lượng",なにとぞ事情をご賢察の上、ご寛容賜りますようお願い申し上げます。 ,"Rất mong quý vị thấu hiểu cho hoàn cảnh, và rộng lòng bỏ qua cho chúng tôi.",西出ひろ子の「仕事の基本・正しいビジネスメールの書き方」p.145,,,
178,万全な,ばんぜんな,"hoàn hảo, triệt để",今後はこのようなことがないよう、万全な対策を講じていただきたくお願いする次第です。 ,"Từ nay về sau, rất mong quý vị thực hiện những biện pháp thật triệt để nhằm tránh lặp lại sự việc như thế này.",西出ひろ子の「仕事の基本・正しいビジネスメールの書き方」p.152,,,
179,正直な,しょうじきな,thành thật,いくつか企画案をご提出いただきましたが、正直に申し上げて、方がイメージするものとは大きく隔たりがございます。 ,"Anh/chị đã gửi cho chúng tôi một vài đề án, nhưng thành thật mà nói, chúng khác khá xa so với mong đợi của chúng tôi.",西出ひろ子の「仕事の基本・正しいビジネスメールの書き方」p.153,,,
180,甚大な,じんだいな,"khổng lồ, nghiêm trọng",報道にて御地の台風被害が甚大だと知り、大変驚いております。 ,"Qua các bản tin, tôi được biết địa phương của quý vị đã chịu thiệt hại nghiêm trọng do cơn bão, tôi thật sự rất bất ngờ.",西出ひろ子の「仕事の基本・正しいビジネスメールの書き方」p.156,,,
181,無事な,ぶじな,"Bình an, vô sự",〇〇様、ならびに従業員の皆様方がご無事であることを心より祈念いたしております。,tôi chân thành cầu chúc cho ông/bà 〇〇 cùng toàn thể nhân viên đều được bình an.,西出ひろ子の「仕事の基本・正しいビジネスメールの書き方」p.156,,,
182,新規な,しんきな,mới,WCMは8月末までに415店舗を新規オープンし、年間計画（400～700店舗）通りのペースを維持しました。,"Tính đến hết tháng 8, WCM đã khai trương 415 cửa hàng mới, đúng tiến độ kế hoạch năm (400-700 cửa hàng).",https://www.vietnam.vn/ja/wincommerce-dat-muc-tieu-doanh-thu-quy-iii-vuot-10-000-ty-dong,https://dantri.com.vn/kinh-doanh/wincommerce-dat-muc-tieu-doanh-thu-quy-iii-vuot-10000-ty-dong-20250924161420963.htm,,
183,非常な,ひじょうな,"rất, cực kỳ",景気の動向が不透明なまま増税が行われた場合の消費者心理について、新たな見解も交えながら非常にわかりやすく説明していただきました。 ,"Anh/chị đã giải thích rất dễ hiểu về tâm lý của người tiêu dùng trong trường hợp tăng thuế khi xu hướng kinh tế vẫn còn mờ mịt, đồng thời đưa ra cả những quan điểm mới.",西出ひろ子の「仕事の基本・正しいビジネスメールの書き方」p.163,,,
184,素敵な,すてきな,tuyệt vời,また、新しいクライアントを紹介くださり、ありがとうございました。おかげさまで実り多い滞在となりましたし、素敵な夕食を楽しめました。,"Ngoài ra, cảm ơn anh/chị đã giới thiệu khách hàng mới cho tôi. Nhờ vậy mà chuyến công tác lần này đã rất hiệu quả, và tôi cũng đã có một bữa tối thật tuyệt vời.",西出ひろ子の「仕事の基本・正しいビジネスメールの書き方」p.169,,,
185,プライベートな,プライベートな,riêng tư,慰労パーティーのためプライベートダイニングルームを予約したいと思っています。,Tôi muốn đặt một phòng ăn riêng để tổ chức buổi tiệc tri ân,西出ひろ子の「仕事の基本・正しいビジネスメールの書き方」p.170,,,
186,着実な,ちゃくじつな,"vững chắc, đều đặn",国内の購買力、特に食品、飲料、生活必需品の購買力は着実に回復しており、現代の小売チェーンが年末の繁忙期に突入するための足掛かりとなっている。,"Sức mua nội địa, đặc biệt với thực phẩm, đồ uống và nhu yếu phẩm, đang phục hồi ổn định, tạo bệ phóng cho các chuỗi bán lẻ hiện đại bước vào mùa cao điểm cuối năm.",https://www.vietnam.vn/ja/wincommerce-dat-muc-tieu-doanh-thu-quy-iii-vuot-10-000-ty-dong,https://dantri.com.vn/kinh-doanh/wincommerce-dat-muc-tieu-doanh-thu-quy-iii-vuot-10000-ty-dong-20250924161420963.htm,,
187,飛躍的な,ひやくてきな,"bứt phá, nhảy vọt",通販売計画につきましては、順調に数字に結び付いているのですが、その反面、飛躍的な数字は期待できないのが現状です,"Về kế hoạch bán hàng qua kênh trực tuyến, hiện nay các con số đang tiến triển thuận lợi, tuy nhiên ở chiều ngược lại, thực tế cho thấy khó có thể kỳ vọng những bước nhảy vọt.",「BJTビジネス日本語能力テスト 模試と対策」p.134,,,
188,近場な,ちかばな,gần,そうだね。じゃ、近場で。,"Ừ, đúng rồi. Vậy thì mình chọn chỗ gần đây thôi.",「BJTビジネス日本語能力テスト 模試と対策」p.134,,,
189,別途な,べっとな,riêng,ああ、それは別途請求してください,"À, phần đó xin hãy xuất hoá đơn riêng.",「BJTビジネス日本語能力テスト 模試と対策」p.130,,,
190,さわやかな,さわやかな,tươi mới,とてもすっきりしてて、この商品のコンセプトになっているさわやかなイメージがよく出ていますね。 ,"Thiết kế rất tinh gọn, toát lên rõ nét sự tươi mới – đúng với ý tưởng chủ đạo của sản phẩm.",「BJTビジネス日本語能力テスト 模試と対策」p.128,,,
191,基本的な,きほんてきな,cơ bản,計画期間中の重要な任務の一つは、科学技術、イノベーション、デジタル変革を主な原動力として、新たな成長モデルを確立しながら、国家インフラの枠組みを基本的に形成することです。,"Một trong những nhiệm vụ trọng tâm trong thời kỳ quy hoạch là hình thành cơ bản bộ khung kết cấu hạ tầng quốc gia đồng thời xác lập mô hình tăng trưởng mới, lấy khoa học, công nghệ, đổi mới sáng tạo và chuyển đổi số là động lực chính.",https://www.vietnam.vn/ja/viet-nam-dat-muc-tieu-gdp-binh-quan-8-500-usd-nguoi-vao-nam-2030,https://dantri.com.vn/kinh-doanh/viet-nam-dat-muc-tieu-gdp-binh-quan-8500-usdnguoi-vao-nam-2030-20251007144945804.htm,,
192,当然な,とうぜんな,hiển nhiên,当然のことなんですが、借入期間と金額によって、かなり金利に差があります,"Điều này thì đương nhiên, nhưng lãi suất có sự chênh lệch khá lớn tùy theo thời hạn vay và số tiền vay.",「BJTビジネス日本語能力テスト 模試と対策」p.122,,,
193,政治的な,せいじてきな,chính trị,ただ、海外での工場建設には、莫大な投資を必要としますので、政治的な安定は欠かせません。,"Tuy nhiên, việc xây dựng nhà máy ở nước ngoài đòi hỏi một khoản đầu tư khổng lồ, vì vậy sự ổn định về chính trị là điều không thể thiếu.",「BJTビジネス日本語能力テスト 模試と対策」p.118,,,
194,安定な,あんていな,ổn định,ただ、海外での工場建設には、莫大な投資を必要としますので、政治的な安定は欠かせません。,"Tuy nhiên, việc xây dựng nhà máy ở nước ngoài đòi hỏi một khoản đầu tư khổng lồ, vì vậy sự ổn định về chính trị là điều không thể thiếu.",「BJTビジネス日本語能力テスト 模試と対策」p.118,,,
195,ヘルシーな,ヘルシーな,tốt cho sức khỏe,和食がお好みなんだ。和食はヘルシーだし、見た目がきれいだってお気に入りなんだよ,"Anh/chị ấy thích món Nhật. Vì món Nhật vừa tốt cho sức khỏe, lại còn có vẻ ngoài đẹp nên rất ưa chuộng.",「BJTビジネス日本語能力テスト 模試と対策」p.114,,,
196,きれいな,きれいな,đẹp ,和食がお好みなんだ。和食はヘルシーだし、見た目がきれいだってお気に入りなんだよ,"Anh/chị ấy thích món Nhật. Vì món Nhật vừa tốt cho sức khỏe, lại còn có vẻ ngoài đẹp nên rất ưa chuộng.",「BJTビジネス日本語能力テスト 模試と対策」p.114,,,
197,多機能な,たきのうな,đa chức năng,新しい改札機には多機能リーダーが統合されており、ICチップ付きIDカードから国際決済カードまで、あらゆる種類のカードを認識・処理できます。,"Các cổng soát vé mới tích hợp đầu đọc đa chức năng, có thể nhận diện và xử lý mọi loại thẻ - từ căn cước công dân gắn chip đến thẻ thanh toán quốc tế.",https://www.vietnam.vn/ja/mat-0-2-giay-de-thanh-toan-ve-tau-cat-linh-ha-dong,https://vietnamnet.vn/mat-0-2-giay-de-thanh-toan-ve-tau-cat-linh-ha-dong-2449980.html,,
198,可能な,かのうな,khả năng,場合によっては会議に出席できない可能性もあるので、会議はかっこマークを付けておいてくれませんか。 ,"Vì có khả năng tôi có thể không tham dự được cuộc họp, nên bạn ghi cuộc họp trong ngoặc giúp tôi được không?",「BJTビジネス日本語能力テスト 模試と対策」p.110,,,
199,知的な,ちてきな,trí tuệ ,なんと言っても、最後は知的財産が勝負の決め手になるからね。 ,"Suy cho cùng, cuối cùng thì quyền sở hữu trí tuệ mới là yếu tố quyết định thắng bại.",「BJTビジネス日本語能力テスト 模試と対策」p.104,,,
200,最重要な,さいじゅうような,quan trọng nhất,わが社の最重要プロジェクトですから、お役に立てることがあったら何なりと。,"Vì đây là dự án quan trọng nhất của công ty chúng tôi, nếu có việc gì tôi có thể hỗ trợ thì xin cứ cho biết.",「BJTビジネス日本語能力テスト 模試と対策」p.102,,,
201,技術的な,ぎじゅつてきな,kỹ thuật,じゃ、近いうちに両方のエンジニアを交えてもう少し技術的な話をしましょう。 ,"Vậy thì trong thời gian tới, chúng ta hãy cùng trao đổi thêm về mặt kỹ thuật với cả kỹ sư của hai bên tham gia.",「BJTビジネス日本語能力テスト 模試と対策」p.100,,,
202,活動的な,かつどうてきな,năng động,彼女たちは活動的だし、それに自由に使えるお金を持っていますからね。,"Họ rất năng động, hơn nữa còn có tiền để tự do chi tiêu nữa.",「BJTビジネス日本語能力テスト 模試と対策」p.96,,,
203,肝心な,かんじんな,quan trọng nhất,しかし、言うまでもありませんが、一番肝心なことは、安全最優先で仕事をすることです。,"Tuy nhiên, điều quan trọng nhất vẫn là làm việc với tiêu chí an toàn đặt lên hàng đầu.",「BJTビジネス日本語能力テスト 模試と対策」p.88,,,
204,盛大な,せいだいな,hoành tráng,パーティーの方は、会社として盛大にやるらしいんだけど、打ち上げは2次会だし、部内だけでうちうちにって部長に言われててさ。,"Tiệc của công ty thì nghe nói sẽ làm hoành tráng lắm, nhưng tiệc liên hoan thì chỉ là buổi 2 thôi. Trưởng phòng bảo là cứ làm trong nội bộ thôi.",「BJTビジネス日本語能力テスト 模試と対策」p.84,,,
205,雑な,ざつな,cẩu thả,ああ、そうだねえ。いつものところは最近仕事が雑になってきたからねえ。,"À, đúng nhỉ. Chỗ hay đi gần đây công việc làm hơi cẩu thả rồi",「BJTビジネス日本語能力テスト 模試と対策」p.78,,,
206,抜本的,ばっぽんてき, triệt để,この運動の真の狙いは単なる経費削減ではなく、運動を通じて社員一人ひとりの意識を改革することと、それにより企業体質を抜本的に改革すること,"Mục tiêu thực sự của chiến dịch này không chỉ là cắt giảm chi phí, mà còn là thông qua chiến dịch để thay đổi nhận thức của từng nhân viên, từ đó cải tổ cơ cấu và nền tảng của công ty một cách triệt để.",「BJTビジネス日本語能力テスト 模試と対策」p.62,,,
207,多用な,たような,bận rộn,先日はご多用中のところをご来社くださり、ありがとうございました。 ,Xin cảm ơn ông/bà trong thời điểm bận rộn đã dành thời gian quý báu đến thăm công ty chúng tôi hôm trước.,「BJTビジネス日本語能力テスト 模試と対策」p.61,,,
208,不安定な,ふあんていな,"không ổn định, biến động",米株式市場は不安定な週を過ごした。投資家心理は米連邦準備制度理事会（FRB）の声明、予想を上回る経済データ、金融政策の見通しに関するまちまちのシグナルに左右された。,"Thị trường chứng khoán Mỹ đã trải qua một tuần đầy biến động, khi tâm lý nhà đầu tư bị chi phối bởi những phát biểu từ Cục Dự trữ liên bang Mỹ (Fed), dữ liệu kinh tế vượt kỳ vọng và các tín hiệu trái chiều về triển vọng chính sách tiền tệ. ",https://www.vietnam.vn/ja/s-p-500-va-nasdaq-cham-dut-chuoi-ba-tuan-tang-lien-tiep,https://baotintuc.vn/thi-truong-tien-te/sp-500-va-nasdaq-cham-dut-chuoi-ba-tuan-tang-lien-tiep-20250927140937234.htm,,
209,相当な,そうとうな,"đáng kể, tương đối lớn",今回は従来の抜き取り方式ではなく全品棚卸しとなりますので貴社には相当のご負担をお掛けすることになりますが、以上の事情をご賢察の上よろしくお願いする次第です。,"Lần này sẽ tiến hành kiểm kê toàn bộ hàng hóa thay vì phương pháp kiểm tra mẫu như trước đây, nên chắc chắn sẽ gây ra một phần gánh nặng đáng kể cho quý công ty. Rất mong quý công ty thông cảm và hợp tác, dựa trên những lý do nêu trên.",「BJTビジネス日本語能力テスト 模試と対策」p.56,,,
210,地道な,じみちな,nỗ lực bền bỉ,これは、当社が“お客さまの用”基本方針として、お客さまに満足していただけるよう、仕事の規模の大小を問わず地道な努力を重ねてきた結果であると確信しております。,"Chúng tôi tin chắc rằng đây là kết quả của việc công ty đã kiên trì nỗ lực, dù công việc lớn hay nhỏ, nhằm mang lại sự hài lòng cho khách hàng, theo phương châm cơ bản ‘vì lợi ích của khách hàng’",「BJTビジネス日本語能力テスト 模試と対策」p.51,,,
211,人間的な,にんげんてきな,mang tính con người,こうした真の親睦を通して、ザ・ハイはより「人間的」で、親しみやすく、顧客に近い存在へと成長していきます。 ,"Từ sự đồng hành chân thực đó mà The High cũng trở nên ""con người"" hơn, dễ tiếp cận và gần gũi với khách hàng.",https://www.vietnam.vn/ja/the-high-don-bay-kinh-doanh-tu-loi-the-ceo-lam-dai-dien-thuong-hieu,https://vtv.vn/the-high-don-bay-kinh-doanh-tu-loi-the-ceo-lam-dai-dien-thuong-hieu-100250923170136642.htm,,
212,容易な,よういな,"Đơn giản, dễ dàng",信頼、明確なブランドパーソナリティ、そしてコミュニティへのエンゲージメントは、この戦略がもたらす中核的な価値であり、企業が生き残るだけでなく、市場で容易に躍進する助けとなります。,"Sự tin tưởng, tính cách thương hiệu rõ nét và sự gắn kết cộng đồng là những giá trị cốt lõi mà chiến lược này mang lại, giúp doanh nghiệp không chỉ tồn tại mà còn dễ dàng bứt phá trên thị trường.",https://www.vietnam.vn/ja/the-high-don-bay-kinh-doanh-tu-loi-the-ceo-lam-dai-dien-thuong-hieu,https://vtv.vn/the-high-don-bay-kinh-doanh-tu-loi-the-ceo-lam-dai-dien-thuong-hieu-100250923170136642.htm,,
213,典型的な,てんけいてきな,điển hình,化粧品ブランド「The High」のCEO、Truong Hien氏は、この戦略の典型的な例です。,CEO Trương Hiền của thương hiệu mỹ phẩm The High là một ví dụ điển hình cho chiến lược này.,https://www.vietnam.vn/ja/the-high-don-bay-kinh-doanh-tu-loi-the-ceo-lam-dai-dien-thuong-hieu,https://vtv.vn/the-high-don-bay-kinh-doanh-tu-loi-the-ceo-lam-dai-dien-thuong-hieu-100250923170136642.htm,,
214,直接的な,ちょくせつてきな,trực tiếp,こうした直接的な関係が、顧客が耳を傾けられ、尊重されていると感じられる、忠実な顧客コミュニティを形成しています。,"Mối quan hệ trực tiếp này tạo ra một cộng đồng khách hàng trung thành, nơi họ cảm thấy mình được lắng nghe và tôn trọng.",https://www.vietnam.vn/ja/the-high-don-bay-kinh-doanh-tu-loi-the-ceo-lam-dai-dien-thuong-hieu,https://vtv.vn/the-high-don-bay-kinh-doanh-tu-loi-the-ceo-lam-dai-dien-thuong-hieu-100250923170136642.htm,,
215,精力的な,せいりょくてきな,đầy năng lượng,注目すべき例としては、精力的な製品プレゼンテーションで知られるAppleの伝説的人物、スティーブ・ジョブズが挙げられます。,Có thể kể đến những ví dụ nổi bật như huyền thoại Steve Jobs của Apple được biết đến với những bài thuyết trình sản phẩm đầy năng lượng.,https://www.vietnam.vn/ja/the-high-don-bay-kinh-doanh-tu-loi-the-ceo-lam-dai-dien-thuong-hieu,https://vtv.vn/the-high-don-bay-kinh-doanh-tu-loi-the-ceo-lam-dai-dien-thuong-hieu-100250923170136642.htm,,
216,伝説的な,でんせつてきな,huyền thoại ,注目すべき例としては、精力的な製品プレゼンテーションで知られるAppleの伝説的人物、スティーブ・ジョブズが挙げられます。,Có thể kể đến những ví dụ nổi bật như huyền thoại Steve Jobs của Apple được biết đến với những bài thuyết trình sản phẩm đầy năng lượng.,https://www.vietnam.vn/ja/the-high-don-bay-kinh-doanh-tu-loi-the-ceo-lam-dai-dien-thuong-hieu,https://vtv.vn/the-high-don-bay-kinh-doanh-tu-loi-the-ceo-lam-dai-dien-thuong-hieu-100250923170136642.htm,,
217,スマートな,スマートな,thông minh,透明性と繋がりが重視される時代において、CEOがブランドアンバサダーとして積極的に活動することは、単なるトレンドではなく、スマートなコミュニケーション手段でもあります。,"Trong kỷ nguyên của sự minh bạch và kết nối, việc các CEO bước ra làm đại diện thương hiệu không chỉ là một xu hướng mà còn là một cách làm truyền thông thông minh. ",https://www.vietnam.vn/ja/the-high-don-bay-kinh-doanh-tu-loi-the-ceo-lam-dai-dien-thuong-hieu,https://vtv.vn/the-high-don-bay-kinh-doanh-tu-loi-the-ceo-lam-dai-dien-thuong-hieu-100250923170136642.htm,,
218,明確な,めいかくな,rõ ràng ,CEOのTruong Hien氏とThe Highは、リーダーが自らの評判とストーリーをブランドに反映させることで、持続可能で深みのあるビジネス戦略を構築できることを明確に示しています。,"CEO Trương Hiền và The High là minh chứng rõ ràng cho thấy khi người đứng đầu sẵn sàng đặt uy tín và câu chuyện của mình vào thương hiệu, sẽ tạo ra một chiến lược kinh doanh bền vững và sâu sắc.",https://www.vietnam.vn/ja/the-high-don-bay-kinh-doanh-tu-loi-the-ceo-lam-dai-dien-thuong-hieu,https://vtv.vn/the-high-don-bay-kinh-doanh-tu-loi-the-ceo-lam-dai-dien-thuong-hieu-100250923170136642.htm,,
219,高品質な,こうひんしつな,chất lượng cao,2030年までにメコンデルタでグリーン成長を伴う100万ヘクタールの高品質で低排出の稲作の持続的開発,"Phát triển bền vững một triệu ha chuyên canh lúa chất lượng cao, phát thải thấp gắn với tăng trưởng xanh vùng ĐBSCL đến năm 2030",https://www.vietnam.vn/ja/thuc-day-kinh-te-tuan-hoan-tu-rom-ra-qua-ngay-hoi-nong-dan-trong-nam,https://baochinhphu.vn/thuc-day-kinh-te-tuan-hoan-tu-rom-ra-qua-ngay-hoi-nong-dan-trong-nam-102250923190137343.htm,,
220,包括的な,ほうかつてきな, toàn diện,"メコンデルタ6県で25回の研修・デモンストレーションを実施した結果、2,097人の農家、協同組合員、農業普及員の能力向上に包括的な効果をもたらしました。","Qua 25 sự kiện đào tạo và trình diễn tại 6 tỉnh Đồng bằng sông Cửu Long, các dự án đã mang lại hiệu quả toàn diện khi nâng cao năng lực cho 2.097 lượt nông dân, thành viên hợp tác xã và cán bộ khuyến nông.",https://www.vietnam.vn/ja/thuc-day-kinh-te-tuan-hoan-tu-rom-ra-qua-ngay-hoi-nong-dan-trong-nam,https://baochinhphu.vn/thuc-day-kinh-te-tuan-hoan-tu-rom-ra-qua-ngay-hoi-nong-dan-trong-nam-102250923190137343.htm,,
221,前向きな,まえむきな,tích cực,長年にわたり農家を支援してきましたが、特に藁に関して、米の生産においてこれほど力強く前向きな変化を目にしたことは一度もありません。,"Suốt nhiều năm đồng hành cùng bà con, tôi chưa bao giờ thấy sự thay đổi mạnh mẽ và tích cực trong sản xuất lúa như thế này nhất là đối với rơm rạ",https://www.vietnam.vn/ja/thuc-day-kinh-te-tuan-hoan-tu-rom-ra-qua-ngay-hoi-nong-dan-trong-nam,https://baochinhphu.vn/thuc-day-kinh-te-tuan-hoan-tu-rom-ra-qua-ngay-hoi-nong-dan-trong-nam-102250923190137343.htm,,
222,熱心な,ねっしんな,hào hứng,伝統的な方法で藁を燃やす習慣から、キノコ栽培や藁からの有機肥料生産といった実用的メリットを目の当たりにした人々は、循環型経済モデルに対して徐々にオープンになり、熱心に考えるようになりました,"Từ thói quen đốt rơm rạ theo cách truyền thống, bà con đã dần cởi mở và hào hứng với mô hình kinh tế tuần hoàn khi thấy được lợi ích thiết thực từ việc trồng nấm và sản xuất phân hữu cơ từ rơm rạ. ",https://www.vietnam.vn/ja/thuc-day-kinh-te-tuan-hoan-tu-rom-ra-qua-ngay-hoi-nong-dan-trong-nam,https://baochinhphu.vn/thuc-day-kinh-te-tuan-hoan-tu-rom-ra-qua-ngay-hoi-nong-dan-trong-nam-102250923190137343.htm,,
223,厳粛な,げんしゅくな,"trọng thị, trang trọng",ニューヨーク証券取引所（NYSE）のリン・マーティン社長による厳粛な歓迎の中、グエン・ティ・フォン・タオ氏は、ベトジェットやHDバンクなどを含むHOSE上場企業を例に、過去30年間のベトナム資本市場の力強い発展について語りました,"Trong sự đón tiếp trọng thị của bà Lynn Martin(Chủ tịch NYSE), bà Nguyễn Thị Phương Thảo đã chia sẻ sự phát triển mạnh mẽ của thị trường vốn Việt Nam trong 30 năm qua, với các doanh nghiệp niêm yết trên HOSE, như Vietjet và HDBank. ",https://www.vietnam.vn/ja/doanh-nghiep-viet-khang-dinh-khat-vong-hoi-nhap-go-cua-san-chung-khoan-lon-nhat-the-gioi,https://baochinhphu.vn/doanh-nghiep-viet-khang-dinh-khat-vong-hoi-nhap-go-cua-san-chung-khoan-lon-nhat-the-gioi-102250924020758608.htm,,
224,ダイナミックな,ダイナミックな,năng động,NYSEへの訪問は、ベトジェット、HDバンク、ベトナム企業に新たな機会をもたらすだけでなく、グローバル化の時代に繁栄しようと強く願う、ダイナミックで統合されたベトナムのイメージを広めることになります。,"Chuyến thăm NYSE không chỉ mở ra cơ hội mới cho Vietjet, HDBank và các doanh nghiệp Việt Nam, mà còn lan tỏa hình ảnh một Việt Nam năng động, hội nhập và khát vọng vươn mình mạnh mẽ trong kỷ nguyên toàn cầu hóa.",https://www.vietnam.vn/ja/doanh-nghiep-viet-khang-dinh-khat-vong-hoi-nhap-go-cua-san-chung-khoan-lon-nhat-the-gioi,https://baochinhphu.vn/doanh-nghiep-viet-khang-dinh-khat-vong-hoi-nhap-go-cua-san-chung-khoan-lon-nhat-the-gioi-102250924020758608.htm,,
225,低価格な,ていかかくな,giá thấp,これが、ソン・キム・ランドのような高級住宅分野の大手企業と、ビーコンズ・ランドのような低価格住宅を専門とする企業の両方が参加を決めた理由です。 ,"Điều này lý giải vì sao cả những ông lớn trong phân khúc cao cấp như Sơn Kim Land, lẫn các doanh nghiệp chuyên làm nhà ở giá thấp như Bcons Land quyết định tham gia.",https://www.vietnam.vn/ja/mot-loat-dai-gia-dua-nhau-dang-ky-dau-gia-3-790-can-ho-bo-hoang-o-thu-thiem,https://nld.com.vn/mot-loat-dai-gia-dua-nhau-dang-ky-dau-gia-3790-can-ho-bo-hoang-o-thu-thiem-196250919130352158.htm,,
226,実現可能な,じつげんかのうな,khả thi,天然資源・環境経済研究所（IEEr）所長のファム・ヴィエット・トゥアン博士によると、移住用アパートの機能を商業住宅に転換することで実現可能な方向性が開かれたという。,"Theo TS Phạm Viết Thuận, Viện trưởng Viện Kinh tế Tài nguyên và Môi trường (IEEr), việc chuyển đổi công năng các căn hộ tái định cư sang nhà ở thương mại đã mở ra hướng đi khả thi. ",https://www.vietnam.vn/ja/mot-loat-dai-gia-dua-nhau-dang-ky-dau-gia-3-790-can-ho-bo-hoang-o-thu-thiem,https://nld.com.vn/mot-loat-dai-gia-dua-nhau-dang-ky-dau-gia-3790-can-ho-bo-hoang-o-thu-thiem-196250919130352158.htm,,
227,無関係な,むかんけいな,không liên quan,したがって、第一審判決および控訴審判決はともに、ThuDuc Houseの正当な権利と利益は無関係であり、同社は税金還付額および関連する延滞利息について責任を負わないことを確認した。 ,"Như vậy, cả bản án sơ thẩm lẫn phúc thẩm đều khẳng định quyền và lợi ích hợp pháp của ThuDuc House là không liên quan và không phải chịu trách nhiệm đối với số tiền hoàn thuế và khoản lãi chậm nộp có liên quan.",https://www.vietnam.vn/ja/thuduc-house-thang-kien-thue-gtgt-365-ti-co-phieu-tang-manh,https://nld.com.vn/mot-doanh-nghiep-bat-dong-san-thang-kien-co-quan-thue-196250924130717958.htm,,
228,正当な,しょうとうな,hợp pháp,したがって、第一審判決および控訴審判決はともに、ThuDuc Houseの正当な権利と利益は無関係であり、同社は税金還付額および関連する延滞利息について責任を負わないことを確認した。 ,"Như vậy, cả bản án sơ thẩm lẫn phúc thẩm đều khẳng định quyền và lợi ích hợp pháp của ThuDuc House là không liên quan và không phải chịu trách nhiệm đối với số tiền hoàn thuế và khoản lãi chậm nộp có liên quan.",https://www.vietnam.vn/ja/thuduc-house-thang-kien-thue-gtgt-365-ti-co-phieu-tang-manh,https://nld.com.vn/mot-doanh-nghiep-bat-dong-san-thang-kien-co-quan-thue-196250924130717958.htm,,
229,予想外な,よそうがいな,bất ngờ,1台250万ドンから始まるiPhone 500台のオークション：予想外の結果,"Đấu giá 500 iPhone với giá từ 2,5 triệu đồng/chiếc: Kết quả bất ngờ",https://www.vietnam.vn/ja/dau-gia-500-iphone-voi-gia-tu-2-5-trieu-dong-chiec-ket-qua-bat-ngo,https://dantri.com.vn/kinh-doanh/dau-gia-500-iphone-voi-gia-tu-25-trieu-dongchiec-ket-qua-bat-ngo-20250924174149089.htm,,
230,有名な,ゆうめいな,"quen thuộc, nổi tiếng",オークションに出品されている品物には、Samsung、iPhone、Nokia、Oppo など、多くの有名ブランドの携帯電話が含まれています。,"Trong danh mục hàng hóa đấu giá là điện thoại di động có nhiều thương hiệu quen thuộc như Samsung, iPhone, Nokia, Oppo…",https://www.vietnam.vn/ja/dau-gia-500-iphone-voi-gia-tu-2-5-trieu-dong-chiec-ket-qua-bat-ngo,https://dantri.com.vn/kinh-doanh/dau-gia-500-iphone-voi-gia-tu-25-trieu-dongchiec-ket-qua-bat-ngo-20250924174149089.htm,,
231,堅固な,けんごな,vững chắc,今年の最初の8か月間の業績が堅固な基盤となり、10兆VNDを超えるという第3四半期の売上高目標は、同社によって「達成可能」と評価されている。,"Với nền tảng vững chắc từ kết quả 8 tháng đầu năm, mục tiêu doanh thu quý III vượt 10.000 tỷ đồng được chuỗi đánh giá là “trong tầm tay”.",https://www.vietnam.vn/ja/wincommerce-dat-muc-tieu-doanh-thu-quy-iii-vuot-10-000-ty-dong,https://dantri.com.vn/kinh-doanh/wincommerce-dat-muc-tieu-doanh-thu-quy-iii-vuot-10000-ty-dong-20250924161420963.htm,,
232,効果的な,こうかてきな,hiệu quả,賢明な拡張戦略、効果的な技術の応用、市場ニーズの理解により、WCM は今後の転換点を創出する準備ができています。 ,"Với chiến lược mở rộng thông minh, ứng dụng công nghệ hiệu quả và sự am hiểu nhu cầu thị trường, WCM đang sẵn sàng để tạo nên bước ngoặt trong thời gian tới.",https://www.vietnam.vn/ja/wincommerce-dat-muc-tieu-doanh-thu-quy-iii-vuot-10-000-ty-dong,https://dantri.com.vn/kinh-doanh/wincommerce-dat-muc-tieu-doanh-thu-quy-iii-vuot-10000-ty-dong-20250924161420963.htm,,
233,急速な,きゅうそくな,nhanh chóng,レオ・チェン氏は、近年のAIの急速な発展は企業にとって3つの大きな課題を突きつけていると述べた。,"Ông Leo Chen cho rằng, sự phát triển nhanh chóng của AI trong những năm gần đây đang đặt ra ba thách thức lớn cho doanh nghiệp",https://www.vietnam.vn/ja/thuc-day-ung-dung-ai-trong-san-xuat-van-hanh-doanh-nghiep,https://doanhnghiepvn.vn/kinh-te/thuc-day-ung-dung-ai-trong-san-xuat-van-hanh-doanh-nghiep/20250925090401159,,
234,様々な,さまざまな,Khác nhau,銀行業界において、ファーウェイはシステムエンジニアリング機能をビジネスプロセスに統合する柔軟なマスタースレーブエージェントアーキテクチャを開発しています。このソリューションは、取引、顧客とのやり取り、リスク管理など、様々なシナリオに適用され、銀行の収益増加、業務効率の向上、リスク管理の効率化に貢献しています。,"Trong ngành ngân hàng, Huawei phát triển kiến trúc agent chính - phụ động linh hoạt, tích hợp năng lực kỹ thuật hệ thống vào quy trình nghiệp vụ. Giải pháp này đã được ứng dụng trong các kịch bản khác nhau như giao dịch, tương tác với khách hàng và kiểm soát rủi ro, giúp ngân hàng tăng doanh thu, nâng cao hiệu quả vận hành và quản lý rủi ro hiệu quả hơn.",https://www.vietnam.vn/ja/thuc-day-ung-dung-ai-trong-san-xuat-van-hanh-doanh-nghiep,https://doanhnghiepvn.vn/kinh-te/thuc-day-ung-dung-ai-trong-san-xuat-van-hanh-doanh-nghiep/20250925090401159,,
235,特殊な,とくしゅな,"chuyên biệt, chuyên ngành",産業環境では効果のない汎用モデルを使用するのではなく、高品質のデータから特殊な AI モデルをトレーニングする必要があります。,"mô hình AI chuyên ngành cần được huấn luyện từ dữ liệu chất lượng cao, thay vì sử dụng các mô hình phổ thông vốn không hiệu quả trong môi trường công nghiệp",https://www.vietnam.vn/ja/thuc-day-ung-dung-ai-trong-san-xuat-van-hanh-doanh-nghiep,https://doanhnghiepvn.vn/kinh-te/thuc-day-ung-dung-ai-trong-san-xuat-van-hanh-doanh-nghiep/20250925090401160,,
236,本質的な,ほんしつてきな,bản chất,ソーシャルコマースは、本質的にショッピングとエンターテイメントを組み合わせたものです。企業は、明確なニーズを持たない顧客の最大70%にリーチし、受動的な消費者基盤を拡大することができます。,"Social commerce bản chất là sự kết hợp giữa mua sắm và giải trí. Nó cho phép doanh nghiệp tiếp cận tới 70% khách hàng chưa có nhu cầu rõ ràng, mở rộng một tệp tiêu dùng bị động.",https://www.vietnam.vn/ja/social-commerce-xu-huong-moi-dinh-hinh-thi-truong-thuong-mai-dien-tu,https://vtv.vn/social-commerce-xu-huong-moi-dinh-hinh-thi-truong-thuong-mai-dien-tu-100250925181753744.htm,,
237,受動的, じゅどうてきな,bị động,ソーシャルコマースは、本質的にショッピングとエンターテイメントを組み合わせたものです。企業は、明確なニーズを持たない顧客の最大70%にリーチし、受動的な消費者基盤を拡大することができます。,"Social commerce bản chất là sự kết hợp giữa mua sắm và giải trí. Nó cho phép doanh nghiệp tiếp cận tới 70% khách hàng chưa có nhu cầu rõ ràng, mở rộng một tệp tiêu dùng bị động.",https://www.vietnam.vn/ja/social-commerce-xu-huong-moi-dinh-hinh-thi-truong-thuong-mai-dien-tu,https://vtv.vn/social-commerce-xu-huong-moi-dinh-hinh-thi-truong-thuong-mai-dien-tu-100250925181753744.htm,,
238,優勢な, ゆうせいな,ưu thế,ライブ配信とショート動画を並べて比較すると、ライブ配信の方が収益を上げやすいですが、全体的にはショート動画が優勢になるでしょう。ショート動画は即効性があるだけでなく、何度も保存・共有できるため、ブランドにとって継続的なプロモーションチャネルとなるからです,"Nếu đặt livestream và video ngắn cạnh nhau, livestream có thể thu tiền nhanh hơn, nhưng về tổng thể, video ngắn sẽ chiếm ưu thế. Đơn giản vì video ngắn không chỉ tạo ra hiệu ứng tức thời, mà còn có thể được lưu trữ, chia sẻ lại nhiều lần, trở thành một kênh quảng bá liên tục cho thương hiệu",https://www.vietnam.vn/ja/social-commerce-xu-huong-moi-dinh-hinh-thi-truong-thuong-mai-dien-tu,https://vtv.vn/social-commerce-xu-huong-moi-dinh-hinh-thi-truong-thuong-mai-dien-tu-100250925181753744.htm,,
239,継続的な, けいぞくてきな,liên tục,ライブ配信とショート動画を並べて比較すると、ライブ配信の方が収益を上げやすいですが、全体的にはショート動画が優勢になるでしょう。ショート動画は即効性があるだけでなく、何度も保存・共有できるため、ブランドにとって継続的なプロモーションチャネルとなるからです,"Nếu đặt livestream và video ngắn cạnh nhau, livestream có thể thu tiền nhanh hơn, nhưng về tổng thể, video ngắn sẽ chiếm ưu thế. Đơn giản vì video ngắn không chỉ tạo ra hiệu ứng tức thời, mà còn có thể được lưu trữ, chia sẻ lại nhiều lần, trở thành một kênh quảng bá liên tục cho thương hiệu",https://www.vietnam.vn/ja/social-commerce-xu-huong-moi-dinh-hinh-thi-truong-thuong-mai-dien-tu,https://vtv.vn/social-commerce-xu-huong-moi-dinh-hinh-thi-truong-thuong-mai-dien-tu-100250925181753744.htm,,
240,必然的な, ひつぜんてきな , tất yếu,短い動画が販売方法を変えつつあるとすれば、「オールインワン」スーパーアプリの台頭が2026年までにeコマースのエコシステム全体を一変させると予測されます。トゥアン・ドゥン氏によると、このモデルはもはや突飛なものではなく、必然的なトレンドになるだろうという。,"Nếu video ngắn đang tái định hình phương thức bán hàng, thì sự trỗi dậy của các siêu ứng dụng (super app) “all in one” được dự báo sẽ thay đổi toàn bộ hệ sinh thái TMĐT trong năm 2026.Theo ông Tuấn Dũng, mô hình này không còn xa vời và sẽ trở thành một xu hướng tất yếu",https://www.vietnam.vn/ja/social-commerce-xu-huong-moi-dinh-hinh-thi-truong-thuong-mai-dien-tu,https://vtv.vn/social-commerce-xu-huong-moi-dinh-hinh-thi-truong-thuong-mai-dien-tu-100250925181753744.htm,,
241,質的な,しつてきな,"chất, phẩm chất, định tính",資本市場全般、特に株式市場は、質の高い外国資本を歓迎するだけでなく、企業統治や広報、透明性などに対する要求が高まるなど、質的な変化が起こり、株式市場が新たな発展段階に到達することに貢献することを期待しています,"Chúng tôi kỳ vọng rằng thị trường vốn nói chung và thị trường chứng khoán sẽ chứng kiến một sự thay đổi về chất, không chỉ đón nhận những vốn ngoại chất lượng cao mà đi kèm với đó là yêu cầu cao hơn về quản trị doanh nghiệp hay tính công khai, minh bạch..., góp phần đưa thị trường chứng khoán lên một tầm phát triển mới",https://www.vietnam.vn/ja/thi-truong-chung-khoan-viet-nam-sau-nang-hang-cho-dong-von-cua-cac-ca-map-moi,https://tuoitre.vn/thi-truong-chung-khoan-viet-nam-sau-nang-hang-cho-dong-von-cua-cac-ca-map-moi-2025100907533563.htm,,
242,構造的な,こうぞうてきな,mang tính cấu trúc,FTSEラッセルのアジア太平洋指数政策責任者であるワンミン・ドゥ氏は、今回の再分類はベトナムの資本市場にとって構造的な影響を与えると予想していると述べた。,"Bà Wanming Du, Giám đốc chính sách chỉ số châu Á - Thái Bình Dương tại FTSE Russell, cho biết lần tái phân loại này được kỳ vọng sẽ mang tính cấu trúc đối với thị trường vốn của VN.",https://www.vietnam.vn/ja/thi-truong-chung-khoan-viet-nam-sau-nang-hang-cho-dong-von-cua-cac-ca-map-moi,https://tuoitre.vn/thi-truong-chung-khoan-viet-nam-sau-nang-hang-cho-dong-von-cua-cac-ca-map-moi-2025100907533563.htm,,
243,レジリエントな,レジリエントな,bền vững,10月6日から10日までハノイで開催されるFIATA世界会議2025は、 「グリーンでレジリエントな物流」をテーマに、今後10年間の世界物流業界の主要トレンドである炭素排出量の削減、エネルギー転換、サプライチェーンのレジリエンス強化、輸送・配送における技術革新について議論することに重点を置いています。,"Diễn ra tại Hà Nội từ ngày 6 - 10/10, với chủ đề “Green and Resilient Logistics” (Logistics xanh và bền vững), FIATA World Congress 2025 tập trung thảo luận những xu hướng trọng tâm của ngành logistics toàn cầu trong thập kỷ tới: giảm phát thải carbon, chuyển đổi năng lượng, tăng cường khả năng chống chịu của chuỗi cung ứng và đổi mới công nghệ trong vận tải – giao nhận. ",https://www.vietnam.vn/ja/xu-huong-moi-tai-dien-dan-toan-cau-ve-logistic-xanh-va-ben-vung,https://vtv.vn/xu-huong-moi-tai-dien-dan-toan-cau-ve-logistic-xanh-va-ben-vung-100251009065750767.htm,,
244,地政学的な,ちせいがくてきな,địa chính trị,詳細な議論、ワークショップ、展示エリア、ビジネスネットワーキング活動を通して、関係者が経験を共有し、協力し、経済・地政学的な変動に直面しながらも、世界の物流をより持続可能でインテリジェントかつ柔軟に発展させるための解決策を模索する場が創出されます。,"Các phiên thảo luận chuyên sâu, hội thảo, khu trưng bày và hoạt động kết nối doanh nghiệp sẽ tạo không gian để các bên cùng chia sẻ kinh nghiệm, hợp tác và tìm kiếm giải pháp giúp logistics toàn cầu phát triển bền vững, thông minh và linh hoạt hơn trước biến động kinh tế – địa chính trị.",https://www.vietnam.vn/ja/xu-huong-moi-tai-dien-dan-toan-cau-ve-logistic-xanh-va-ben-vung,https://vtv.vn/xu-huong-moi-tai-dien-dan-toan-cau-ve-logistic-xanh-va-ben-vung-100251009065750767.htm,,
245,高度な,こうどな,"sâu rộng, trình độ cao",ベトナムで開催されるFIATA世界会議2025は、ベトナムの物流の世界的地位を高める絶好の機会であると同時に、国内企業の高度な統合能力を示す絶好の機会であると考えられています。,"Việc tổ chức FIATA World Congress 2025 tại Việt Nam được đánh giá là cơ hội lớn để nâng tầm vị thế của logistics Việt Nam trên bản đồ thế giới, đồng thời thể hiện năng lực hội nhập sâu rộng của các doanh nghiệp trong nước.",https://www.vietnam.vn/ja/xu-huong-moi-tai-dien-dan-toan-cau-ve-logistic-xanh-va-ben-vung,https://vtv.vn/xu-huong-moi-tai-dien-dan-toan-cau-ve-logistic-xanh-va-ben-vung-100251009065750767.htm,,